CREATE SEQUENCE SEQ_PROCUREMENT_USER_ID;

CREATE SEQUENCE SEQ_PROCUREMENT_USER_INFO_ID;

CREATE SEQUENCE SEQ_PROCUREMENT_CATALOG_ID;

CREATE SEQUENCE SEQ_PROCUREMENT_PRICE_ID;

CREATE SEQUENCE SEQ_PROCUREMENT_OFFICE_DEPOT_ID;

CREATE SEQUENCE SEQ_PROCUREMENT_SKU_ID;

CREATE SEQUENCE SEQ_PROCUREMENT_ORDER_ID;

CREATE SEQUENCE SEQ_PROCUREMENT_ORDER_ITEM_ID;

CREATE SEQUENCE SEQ_PROCUREMENT_TO_DO_LIST_ITEM_ID;

CREATE SEQUENCE SEQ_PROCUREMENT_NOTIFICATIONM_ID;

CREATE TABLE SITE(
  SITE_ID NUMBER,
  SITE_NAME VARCHAR2(30),
  CONSTRAINT PK_USER_SITES PRIMARY KEY (SITE_ID)
);
INSERT INTO SITE(SITE_ID, SITE_NAME) VALUES (1, 'US Redwood');
INSERT INTO SITE(SITE_ID, SITE_NAME) VALUES (2, 'CN SH');
INSERT INTO SITE(SITE_ID, SITE_NAME) VALUES (3, 'CN BJ');
INSERT INTO SITE(SITE_ID, SITE_NAME) VALUES (4, 'CN SZ');
INSERT INTO SITE(SITE_ID, SITE_NAME) VALUES (5, 'CN SHZ');

CREATE TABLE USER_ROLE(
  ROLE_ID NUMBER,
  ROLE_NAME VARCHAR2(20),
  CONSTRAINT PK_USER_ROLE PRIMARY KEY (ROLE_ID)
);

INSERT INTO USER_ROLE(ROLE_ID, ROLE_NAME) VALUES (1, 'Administrator');
INSERT INTO USER_ROLE(ROLE_ID, ROLE_NAME) VALUES (2, 'Requestor');
INSERT INTO USER_ROLE(ROLE_ID, ROLE_NAME) VALUES (3, 'Manager');
INSERT INTO USER_ROLE(ROLE_ID, ROLE_NAME) VALUES (4, 'Supplier');

CREATE TABLE USER_STATUS(
  STATUS_ID NUMBER,
  STATUS_NAME VARCHAR(20),
  CONSTRAINT PK_USER_STATUS PRIMARY KEY (STATUS_ID)
);
INSERT INTO USER_STATUS(STATUS_ID, STATUS_NAME) VALUES (1, 'CREATED');
INSERT INTO USER_STATUS(STATUS_ID, STATUS_NAME) VALUES (2, 'SUBMITTED');
INSERT INTO USER_STATUS(STATUS_ID, STATUS_NAME) VALUES (3, 'APPROVED');
INSERT INTO USER_STATUS(STATUS_ID, STATUS_NAME) VALUES (4, 'REFUSED');
INSERT INTO USER_STATUS(STATUS_ID, STATUS_NAME) VALUES (5, 'ENABLED');
INSERT INTO USER_STATUS(STATUS_ID, STATUS_NAME) VALUES (6, 'DISABLED');
INSERT INTO USER_STATUS(STATUS_ID, STATUS_NAME) VALUES (7, 'DELETED');

CREATE TABLE USERS(
  USER_ID NUMBER,
  ROLE_ID NUMBER,
  NAME VARCHAR(50),
  PASSWORD VARCHAR(50),
  MANAGER_ID NUMBER,
  STATUS NUMBER,
  CREATED_TIME TIMESTAMP DEFAULT systimestamp,
  SUBMITTED_TIME TIMESTAMP,
  APPROVED_TIME TIMESTAMP,
  REFUSED_TIME TIMESTAMP,
  ENABLED_TIME TIMESTAMP,
  DISABLED_TIME TIMESTAMP,
  DELETED_TIME TIMESTAMP,
  CONSTRAINT PK_USER PRIMARY KEY (USER_ID),
  CONSTRAINT FK_USER_ROLE FOREIGN KEY (ROLE_ID) REFERENCES USER_ROLE(ROLE_ID),
  CONSTRAINT FK_USER_MANAGER FOREIGN KEY (MANAGER_ID) REFERENCES USERS(USER_ID),
  CONSTRAINT FK_USER_STATUS FOREIGN KEY (STATUS) REFERENCES USER_STATUS(STATUS_ID)
);

SELECT SEQ_PROCUREMENT_USER_ID.NEXTVAL USER_ID FROM DUAL;
INSERT INTO USERS(USER_ID, ROLE_ID, NAME, PASSWORD, STATUS) VALUES (1, 1, 'Admin', 'Admin', 4);
SELECT SEQ_PROCUREMENT_USER_ID.NEXTVAL USER_ID FROM DUAL;
INSERT INTO USERS(USER_ID, ROLE_ID, NAME, PASSWORD, STATUS) VALUES (2, 3, 'PJ', 'PJ', 4);
SELECT SEQ_PROCUREMENT_USER_ID.NEXTVAL USER_ID FROM DUAL;
INSERT INTO USERS(USER_ID, ROLE_ID, NAME, PASSWORD, MANAGER_ID, STATUS) VALUES (3, 3, 'Jeff', 'Jeff', 2, 4);
SELECT SEQ_PROCUREMENT_USER_ID.NEXTVAL USER_ID FROM DUAL;
INSERT INTO USERS(USER_ID, ROLE_ID, NAME, PASSWORD, STATUS) VALUES (4, 4, 'officedepot', 'officedepot', 4);
SELECT SEQ_PROCUREMENT_USER_ID.NEXTVAL USER_ID FROM DUAL;
INSERT INTO USERS(USER_ID, ROLE_ID, NAME, PASSWORD, STATUS) VALUES (5, 4, 'huawei', 'huawei', 4);
SELECT SEQ_PROCUREMENT_USER_ID.NEXTVAL USER_ID FROM DUAL;
INSERT INTO USERS(USER_ID, ROLE_ID, NAME, PASSWORD, STATUS) VALUES (6, 4, 'apple', 'apple', 4);
SELECT SEQ_PROCUREMENT_USER_ID.NEXTVAL USER_ID FROM DUAL;
INSERT INTO USERS(USER_ID, ROLE_ID, NAME, PASSWORD, STATUS) VALUES (7, 4, 'microsoft', 'microsoft', 4);
SELECT SEQ_PROCUREMENT_USER_ID.NEXTVAL USER_ID FROM DUAL;
INSERT INTO USERS(USER_ID, ROLE_ID, NAME, PASSWORD, STATUS) VALUES (8, 4, 'dell', 'dell', 4);
SELECT SEQ_PROCUREMENT_USER_ID.NEXTVAL USER_ID FROM DUAL;
INSERT INTO USERS(USER_ID, ROLE_ID, NAME, PASSWORD, STATUS) VALUES (9, 4, 'thinkpad', 'thinkpad', 4);
SELECT SEQ_PROCUREMENT_USER_ID.NEXTVAL USER_ID FROM DUAL;
INSERT INTO USERS(USER_ID, ROLE_ID, NAME, PASSWORD, STATUS) VALUES (10, 4, 'lenovo', 'lenovo', 4);
SELECT SEQ_PROCUREMENT_USER_ID.NEXTVAL USER_ID FROM DUAL;
INSERT INTO USERS(USER_ID, ROLE_ID, NAME, PASSWORD, STATUS) VALUES (11, 4, 'westerndigital', 'westerndigital', 4);
SELECT SEQ_PROCUREMENT_USER_ID.NEXTVAL USER_ID FROM DUAL;
INSERT INTO USERS(USER_ID, ROLE_ID, NAME, PASSWORD, STATUS) VALUES (12, 4, 'seagate', 'seagate', 4);
SELECT SEQ_PROCUREMENT_USER_ID.NEXTVAL USER_ID FROM DUAL;
INSERT INTO USERS(USER_ID, ROLE_ID, NAME, PASSWORD, STATUS) VALUES (13, 4, 'samsung', 'samsung', 4);
SELECT SEQ_PROCUREMENT_USER_ID.NEXTVAL USER_ID FROM DUAL;
INSERT INTO USERS(USER_ID, ROLE_ID, NAME, PASSWORD, STATUS) VALUES (14, 4, 'kingston', 'kingston', 4);
SELECT SEQ_PROCUREMENT_USER_ID.NEXTVAL USER_ID FROM DUAL;
INSERT INTO USERS(USER_ID, ROLE_ID, NAME, PASSWORD, STATUS) VALUES (15, 4, 'teclast', 'teclast', 4);
SELECT SEQ_PROCUREMENT_USER_ID.NEXTVAL USER_ID FROM DUAL;
INSERT INTO USERS(USER_ID, ROLE_ID, NAME, PASSWORD, STATUS) VALUES (16, 4, 'logitech', 'logitech', 4);
SELECT SEQ_PROCUREMENT_USER_ID.NEXTVAL USER_ID FROM DUAL;
INSERT INTO USERS(USER_ID, ROLE_ID, NAME, PASSWORD, STATUS) VALUES (17, 4, 'cherry', 'cherry', 4);
SELECT SEQ_PROCUREMENT_USER_ID.NEXTVAL USER_ID FROM DUAL;
INSERT INTO USERS(USER_ID, ROLE_ID, NAME, PASSWORD, STATUS) VALUES (18, 4, 'gigabyte', 'gigabyte', 4);
SELECT SEQ_PROCUREMENT_USER_ID.NEXTVAL USER_ID FROM DUAL;
INSERT INTO USERS(USER_ID, ROLE_ID, NAME, PASSWORD, STATUS) VALUES (19, 4, 'actto', 'actto', 4);
SELECT SEQ_PROCUREMENT_USER_ID.NEXTVAL USER_ID FROM DUAL;
INSERT INTO USERS(USER_ID, ROLE_ID, NAME, PASSWORD, STATUS) VALUES (20, 4, 'tplink', 'tplink', 4);
SELECT SEQ_PROCUREMENT_USER_ID.NEXTVAL USER_ID FROM DUAL;
INSERT INTO USERS(USER_ID, ROLE_ID, NAME, PASSWORD, STATUS) VALUES (21, 4, 'fujixerox', 'fujixerox', 4);
SELECT SEQ_PROCUREMENT_USER_ID.NEXTVAL USER_ID FROM DUAL;
INSERT INTO USERS(USER_ID, ROLE_ID, NAME, PASSWORD, STATUS) VALUES (22, 4, 'hp', 'hp', 4);
SELECT SEQ_PROCUREMENT_USER_ID.NEXTVAL USER_ID FROM DUAL;
INSERT INTO USERS(USER_ID, ROLE_ID, NAME, PASSWORD, STATUS) VALUES (23, 4, 'sony', 'sony', 4);
SELECT SEQ_PROCUREMENT_USER_ID.NEXTVAL USER_ID FROM DUAL;
INSERT INTO USERS(USER_ID, ROLE_ID, NAME, PASSWORD, STATUS) VALUES (24, 4, 'benq', 'benq', 4);
SELECT SEQ_PROCUREMENT_USER_ID.NEXTVAL USER_ID FROM DUAL;
INSERT INTO USERS(USER_ID, ROLE_ID, NAME, PASSWORD, STATUS) VALUES (25, 4, 'fellowes', 'fellowes', 4);
SELECT SEQ_PROCUREMENT_USER_ID.NEXTVAL USER_ID FROM DUAL;
INSERT INTO USERS(USER_ID, ROLE_ID, NAME, PASSWORD, STATUS) VALUES (26, 4, 'deli', 'deli', 4);
SELECT SEQ_PROCUREMENT_USER_ID.NEXTVAL USER_ID FROM DUAL;
INSERT INTO USERS(USER_ID, ROLE_ID, NAME, PASSWORD, STATUS) VALUES (27, 4, 'uni', 'uni', 4);
SELECT SEQ_PROCUREMENT_USER_ID.NEXTVAL USER_ID FROM DUAL;
INSERT INTO USERS(USER_ID, ROLE_ID, NAME, PASSWORD, STATUS) VALUES (28, 4, '3m', '3m', 4);
SELECT SEQ_PROCUREMENT_USER_ID.NEXTVAL USER_ID FROM DUAL;
INSERT INTO USERS(USER_ID, ROLE_ID, NAME, PASSWORD, STATUS) VALUES (29, 4, 'casio', 'casio', 4);

CREATE TABLE USER_INFO_TYPE(
  TYPE_ID NUMBER,
  ROLE_ID NUMBER,
  TYPE_NAME VARCHAR(30),
  DISPLAY_NAME VARCHAR(30),
  DISPLAY_ORDER NUMBER,
  IS_TEXT NUMBER(1),
  MAP_NAME VARCHAR(20),
  IS_MANDATORY VARCHAR(1),
  CONSTRAINT PK_USER_INFO_TYPE PRIMARY KEY (TYPE_ID),
  CONSTRAINT FK_USER_INFO_TYPE_ROLE FOREIGN KEY (ROLE_ID) REFERENCES USER_ROLE(ROLE_ID)
);

INSERT INTO USER_INFO_TYPE(TYPE_ID, ROLE_ID, TYPE_NAME, DISPLAY_NAME, DISPLAY_ORDER, IS_TEXT, IS_MANDATORY) VALUES (1, 2, 'FirstName', 'First Name', 0, 1, 1);
INSERT INTO USER_INFO_TYPE(TYPE_ID, ROLE_ID, TYPE_NAME, DISPLAY_NAME, DISPLAY_ORDER, IS_TEXT, IS_MANDATORY) VALUES (2, 2, 'LastName', 'Last Name', 1, 1, 1);
INSERT INTO USER_INFO_TYPE(TYPE_ID, ROLE_ID, TYPE_NAME, DISPLAY_NAME, DISPLAY_ORDER, IS_TEXT, IS_MANDATORY) VALUES (3, 2, 'Department', 'Department', 2, 1, 1);
INSERT INTO USER_INFO_TYPE(TYPE_ID, ROLE_ID, TYPE_NAME, DISPLAY_NAME, DISPLAY_ORDER, IS_TEXT, MAP_NAME, IS_MANDATORY) VALUES (4, 2, 'Site', 'Site', 3, 0, 'site', 1);
INSERT INTO USER_INFO_TYPE(TYPE_ID, ROLE_ID, TYPE_NAME, DISPLAY_NAME, DISPLAY_ORDER, IS_TEXT, IS_MANDATORY) VALUES (5, 2, 'Address', 'Address', 4, 1, 1);
INSERT INTO USER_INFO_TYPE(TYPE_ID, ROLE_ID, TYPE_NAME, DISPLAY_NAME, DISPLAY_ORDER, IS_TEXT, IS_MANDATORY) VALUES (6, 2, 'RequestorPhone', 'Tel.', 5, 1, 1);
INSERT INTO USER_INFO_TYPE(TYPE_ID, ROLE_ID, TYPE_NAME, DISPLAY_NAME, DISPLAY_ORDER, IS_TEXT, MAP_NAME, IS_MANDATORY) VALUES (7, 2, 'Manager', 'Manager', 6, 0, 'manager', 1);
INSERT INTO USER_INFO_TYPE(TYPE_ID, ROLE_ID, TYPE_NAME, DISPLAY_NAME, DISPLAY_ORDER, IS_TEXT, IS_MANDATORY) VALUES (8, 3, 'FirstName', 'First Name', 0, 1, 1);
INSERT INTO USER_INFO_TYPE(TYPE_ID, ROLE_ID, TYPE_NAME, DISPLAY_NAME, DISPLAY_ORDER, IS_TEXT, IS_MANDATORY) VALUES (9, 3, 'LastName', 'Last Name', 1, 1, 1);
INSERT INTO USER_INFO_TYPE(TYPE_ID, ROLE_ID, TYPE_NAME, DISPLAY_NAME, DISPLAY_ORDER, IS_TEXT, IS_MANDATORY) VALUES (10, 3, 'Department', 'Department', 2, 1, 1);
INSERT INTO USER_INFO_TYPE(TYPE_ID, ROLE_ID, TYPE_NAME, DISPLAY_NAME, DISPLAY_ORDER, IS_TEXT, MAP_NAME, IS_MANDATORY) VALUES (11, 3, 'Site', 'Site', 3, 0, 'site', 1);
INSERT INTO USER_INFO_TYPE(TYPE_ID, ROLE_ID, TYPE_NAME, DISPLAY_NAME, DISPLAY_ORDER, IS_TEXT, IS_MANDATORY) VALUES (12, 3, 'Address', 'Address', 4, 1, 1);
INSERT INTO USER_INFO_TYPE(TYPE_ID, ROLE_ID, TYPE_NAME, DISPLAY_NAME, DISPLAY_ORDER, IS_TEXT, IS_MANDATORY) VALUES (13, 3, 'RequestorPhone', 'Tel.', 5, 1, 1);
INSERT INTO USER_INFO_TYPE(TYPE_ID, ROLE_ID, TYPE_NAME, DISPLAY_NAME, DISPLAY_ORDER, IS_TEXT, MAP_NAME, IS_MANDATORY) VALUES (14, 3, 'Manager', 'Manager', 6, 0, 'manager', 1);
INSERT INTO USER_INFO_TYPE(TYPE_ID, ROLE_ID, TYPE_NAME, DISPLAY_NAME, DISPLAY_ORDER, IS_TEXT, IS_MANDATORY) VALUES (15, 4, 'SupplierName', 'Supplier Name', 0, 1, 1);
INSERT INTO USER_INFO_TYPE(TYPE_ID, ROLE_ID, TYPE_NAME, DISPLAY_NAME, DISPLAY_ORDER, IS_TEXT, IS_MANDATORY) VALUES (16, 4, 'RegistryID', 'Registry ID', 1, 1, 1);
INSERT INTO USER_INFO_TYPE(TYPE_ID, ROLE_ID, TYPE_NAME, DISPLAY_NAME, DISPLAY_ORDER, IS_TEXT, IS_MANDATORY) VALUES (17, 4, 'Location', 'Location', 2, 1, 1);
INSERT INTO USER_INFO_TYPE(TYPE_ID, ROLE_ID, TYPE_NAME, DISPLAY_NAME, DISPLAY_ORDER, IS_TEXT, IS_MANDATORY) VALUES (18, 4, 'SupplierPhone', 'Tel.', 3, 1, 1);

CREATE TABLE USER_INFO(
  USER_INFO_ID NUMBER,
  USER_ID NUMBER,
  USER_INFO_TYPE NUMBER,
  USER_INFO_VALUE VARCHAR(100),
  CONSTRAINT PK_USER_INFO PRIMARY KEY (USER_INFO_ID),
  CONSTRAINT FK_USER_INFO_USERS FOREIGN KEY (USER_ID) REFERENCES USERS(USER_ID),
  CONSTRAINT FK_USER_INFO_USER_INFO_TYPE FOREIGN KEY (USER_INFO_TYPE) REFERENCES USER_INFO_TYPE(TYPE_ID)
);
SELECT SEQ_PROCUREMENT_USER_INFO_ID.NEXTVAL USER_ID FROM DUAL;
INSERT INTO USER_INFO(USER_INFO_ID, USER_ID, USER_INFO_TYPE, USER_INFO_VALUE) VALUES (1, 2, 8, 'Eunhei');
SELECT SEQ_PROCUREMENT_USER_INFO_ID.NEXTVAL USER_ID FROM DUAL;
INSERT INTO USER_INFO(USER_INFO_ID, USER_ID, USER_INFO_TYPE, USER_INFO_VALUE) VALUES (2, 2, 9, 'Jang');
SELECT SEQ_PROCUREMENT_USER_INFO_ID.NEXTVAL USER_ID FROM DUAL;
INSERT INTO USER_INFO(USER_INFO_ID, USER_ID, USER_INFO_TYPE, USER_INFO_VALUE) VALUES (3, 2, 10, 'APM');
SELECT SEQ_PROCUREMENT_USER_INFO_ID.NEXTVAL USER_ID FROM DUAL;
INSERT INTO USER_INFO(USER_INFO_ID, USER_ID, USER_INFO_TYPE, USER_INFO_VALUE) VALUES (4, 2, 11, 'US Redwood');
SELECT SEQ_PROCUREMENT_USER_INFO_ID.NEXTVAL USER_ID FROM DUAL;
INSERT INTO USER_INFO(USER_INFO_ID, USER_ID, USER_INFO_TYPE, USER_INFO_VALUE) VALUES (5, 2, 12, '5815 Owens Drive Pleasanton, CA US 94588');
SELECT SEQ_PROCUREMENT_USER_INFO_ID.NEXTVAL USER_ID FROM DUAL;
INSERT INTO USER_INFO(USER_INFO_ID, USER_ID, USER_INFO_TYPE, USER_INFO_VALUE) VALUES (6, 2, 13, '12345678907');
SELECT SEQ_PROCUREMENT_USER_INFO_ID.NEXTVAL USER_ID FROM DUAL;
INSERT INTO USER_INFO(USER_INFO_ID, USER_ID, USER_INFO_TYPE, USER_INFO_VALUE) VALUES (7, 3, 8, 'Jeffrey');
SELECT SEQ_PROCUREMENT_USER_INFO_ID.NEXTVAL USER_ID FROM DUAL;
INSERT INTO USER_INFO(USER_INFO_ID, USER_ID, USER_INFO_TYPE, USER_INFO_VALUE) VALUES (8, 3, 9, 'Meredith');
SELECT SEQ_PROCUREMENT_USER_INFO_ID.NEXTVAL USER_ID FROM DUAL;
INSERT INTO USER_INFO(USER_INFO_ID, USER_ID, USER_INFO_TYPE, USER_INFO_VALUE) VALUES (9, 3, 10, 'APM');
SELECT SEQ_PROCUREMENT_USER_INFO_ID.NEXTVAL USER_ID FROM DUAL;
INSERT INTO USER_INFO(USER_INFO_ID, USER_ID, USER_INFO_TYPE, USER_INFO_VALUE) VALUES (10, 3, 11, 'US Redwood');
SELECT SEQ_PROCUREMENT_USER_INFO_ID.NEXTVAL USER_ID FROM DUAL;
INSERT INTO USER_INFO(USER_INFO_ID, USER_ID, USER_INFO_TYPE, USER_INFO_VALUE) VALUES (11, 3, 12, '5815 Owens Drive Pleasanton, CA US 94588');
SELECT SEQ_PROCUREMENT_USER_INFO_ID.NEXTVAL USER_ID FROM DUAL;
INSERT INTO USER_INFO(USER_INFO_ID, USER_ID, USER_INFO_TYPE, USER_INFO_VALUE) VALUES (12, 3, 13, '15673678907');
SELECT SEQ_PROCUREMENT_USER_INFO_ID.NEXTVAL USER_ID FROM DUAL;
INSERT INTO USER_INFO(USER_INFO_ID, USER_ID, USER_INFO_TYPE, USER_INFO_VALUE) VALUES (13, 4, 15, 'Office Depot');
SELECT SEQ_PROCUREMENT_USER_INFO_ID.NEXTVAL USER_ID FROM DUAL;
INSERT INTO USER_INFO(USER_INFO_ID, USER_ID, USER_INFO_TYPE, USER_INFO_VALUE) VALUES (14, 4, 16, '03245362');
SELECT SEQ_PROCUREMENT_USER_INFO_ID.NEXTVAL USER_ID FROM DUAL;
INSERT INTO USER_INFO(USER_INFO_ID, USER_ID, USER_INFO_TYPE, USER_INFO_VALUE) VALUES (15, 4, 17, '346 Owens Drive Pleasanton, CA US 94588');
SELECT SEQ_PROCUREMENT_USER_INFO_ID.NEXTVAL USER_ID FROM DUAL;
INSERT INTO USER_INFO(USER_INFO_ID, USER_ID, USER_INFO_TYPE, USER_INFO_VALUE) VALUES (16, 4, 18, '+86 021 74593234');
SELECT SEQ_PROCUREMENT_USER_INFO_ID.NEXTVAL USER_ID FROM DUAL;
INSERT INTO USER_INFO(USER_INFO_ID, USER_ID, USER_INFO_TYPE, USER_INFO_VALUE) VALUES (17, 5, 15, 'Huawei');
SELECT SEQ_PROCUREMENT_USER_INFO_ID.NEXTVAL USER_ID FROM DUAL;
INSERT INTO USER_INFO(USER_INFO_ID, USER_ID, USER_INFO_TYPE, USER_INFO_VALUE) VALUES (18, 5, 16, '0132479872');
SELECT SEQ_PROCUREMENT_USER_INFO_ID.NEXTVAL USER_ID FROM DUAL;
INSERT INTO USER_INFO(USER_INFO_ID, USER_ID, USER_INFO_TYPE, USER_INFO_VALUE) VALUES (19, 5, 17, '436 Ruanjiandadao, Nanjing CN 96753');
SELECT SEQ_PROCUREMENT_USER_INFO_ID.NEXTVAL USER_ID FROM DUAL;
INSERT INTO USER_INFO(USER_INFO_ID, USER_ID, USER_INFO_TYPE, USER_INFO_VALUE) VALUES (20, 5, 18, '+86 025 46547257');
SELECT SEQ_PROCUREMENT_USER_INFO_ID.NEXTVAL USER_ID FROM DUAL;
INSERT INTO USER_INFO(USER_INFO_ID, USER_ID, USER_INFO_TYPE, USER_INFO_VALUE) VALUES (21, 6, 15, 'Apple');
SELECT SEQ_PROCUREMENT_USER_INFO_ID.NEXTVAL USER_ID FROM DUAL;
INSERT INTO USER_INFO(USER_INFO_ID, USER_ID, USER_INFO_TYPE, USER_INFO_VALUE) VALUES (22, 6, 16, '016583872');
SELECT SEQ_PROCUREMENT_USER_INFO_ID.NEXTVAL USER_ID FROM DUAL;
INSERT INTO USER_INFO(USER_INFO_ID, USER_ID, USER_INFO_TYPE, USER_INFO_VALUE) VALUES (23, 6, 17, '6739 Owens Drive Pleasanton, CA US 45884');
SELECT SEQ_PROCUREMENT_USER_INFO_ID.NEXTVAL USER_ID FROM DUAL;
INSERT INTO USER_INFO(USER_INFO_ID, USER_ID, USER_INFO_TYPE, USER_INFO_VALUE) VALUES (24, 6, 18, '+01 3436587378');
SELECT SEQ_PROCUREMENT_USER_INFO_ID.NEXTVAL USER_ID FROM DUAL;
INSERT INTO USER_INFO(USER_INFO_ID, USER_ID, USER_INFO_TYPE, USER_INFO_VALUE) VALUES (25, 7, 15, 'Microsoft');
SELECT SEQ_PROCUREMENT_USER_INFO_ID.NEXTVAL USER_ID FROM DUAL;
INSERT INTO USER_INFO(USER_INFO_ID, USER_ID, USER_INFO_TYPE, USER_INFO_VALUE) VALUES (26, 7, 16, '867753409');
SELECT SEQ_PROCUREMENT_USER_INFO_ID.NEXTVAL USER_ID FROM DUAL;
INSERT INTO USER_INFO(USER_INFO_ID, USER_ID, USER_INFO_TYPE, USER_INFO_VALUE) VALUES (27, 7, 17, '378 Owens Drive Pleasanton, CA US 57542');
SELECT SEQ_PROCUREMENT_USER_INFO_ID.NEXTVAL USER_ID FROM DUAL;
INSERT INTO USER_INFO(USER_INFO_ID, USER_ID, USER_INFO_TYPE, USER_INFO_VALUE) VALUES (28, 7, 18, '+01 3454768374');
SELECT SEQ_PROCUREMENT_USER_INFO_ID.NEXTVAL USER_ID FROM DUAL;
INSERT INTO USER_INFO(USER_INFO_ID, USER_ID, USER_INFO_TYPE, USER_INFO_VALUE) VALUES (29, 8, 15, 'Dell');
SELECT SEQ_PROCUREMENT_USER_INFO_ID.NEXTVAL USER_ID FROM DUAL;
INSERT INTO USER_INFO(USER_INFO_ID, USER_ID, USER_INFO_TYPE, USER_INFO_VALUE) VALUES (30, 8, 16, '34682309432');
SELECT SEQ_PROCUREMENT_USER_INFO_ID.NEXTVAL USER_ID FROM DUAL;
INSERT INTO USER_INFO(USER_INFO_ID, USER_ID, USER_INFO_TYPE, USER_INFO_VALUE) VALUES (31, 8, 17, '5479 Owens Drive Pleasanton, CA US 945609');
SELECT SEQ_PROCUREMENT_USER_INFO_ID.NEXTVAL USER_ID FROM DUAL;
INSERT INTO USER_INFO(USER_INFO_ID, USER_ID, USER_INFO_TYPE, USER_INFO_VALUE) VALUES (32, 8, 18, '+01 68990487');
SELECT SEQ_PROCUREMENT_USER_INFO_ID.NEXTVAL USER_ID FROM DUAL;
INSERT INTO USER_INFO(USER_INFO_ID, USER_ID, USER_INFO_TYPE, USER_INFO_VALUE) VALUES (33, 9, 15, 'Thinkpad');
SELECT SEQ_PROCUREMENT_USER_INFO_ID.NEXTVAL USER_ID FROM DUAL;
INSERT INTO USER_INFO(USER_INFO_ID, USER_ID, USER_INFO_TYPE, USER_INFO_VALUE) VALUES (34, 9, 16, '3548349');
SELECT SEQ_PROCUREMENT_USER_INFO_ID.NEXTVAL USER_ID FROM DUAL;
INSERT INTO USER_INFO(USER_INFO_ID, USER_ID, USER_INFO_TYPE, USER_INFO_VALUE) VALUES (35, 9, 17, '8064 Owens Drive Pleasanton, CA US 79754');
SELECT SEQ_PROCUREMENT_USER_INFO_ID.NEXTVAL USER_ID FROM DUAL;
INSERT INTO USER_INFO(USER_INFO_ID, USER_ID, USER_INFO_TYPE, USER_INFO_VALUE) VALUES (36, 9, 18, '+01 79630528');
SELECT SEQ_PROCUREMENT_USER_INFO_ID.NEXTVAL USER_ID FROM DUAL;
INSERT INTO USER_INFO(USER_INFO_ID, USER_ID, USER_INFO_TYPE, USER_INFO_VALUE) VALUES (37, 10, 15, 'Lenovo');
SELECT SEQ_PROCUREMENT_USER_INFO_ID.NEXTVAL USER_ID FROM DUAL;
INSERT INTO USER_INFO(USER_INFO_ID, USER_ID, USER_INFO_TYPE, USER_INFO_VALUE) VALUES (38, 10, 16, '3489546529');
SELECT SEQ_PROCUREMENT_USER_INFO_ID.NEXTVAL USER_ID FROM DUAL;
INSERT INTO USER_INFO(USER_INFO_ID, USER_ID, USER_INFO_TYPE, USER_INFO_VALUE) VALUES (39, 10, 17, '7895 Zhongguancun, Beijing CN 7804');
SELECT SEQ_PROCUREMENT_USER_INFO_ID.NEXTVAL USER_ID FROM DUAL;
INSERT INTO USER_INFO(USER_INFO_ID, USER_ID, USER_INFO_TYPE, USER_INFO_VALUE) VALUES (40, 10, 18, '+086 79630528');
SELECT SEQ_PROCUREMENT_USER_INFO_ID.NEXTVAL USER_ID FROM DUAL;
INSERT INTO USER_INFO(USER_INFO_ID, USER_ID, USER_INFO_TYPE, USER_INFO_VALUE) VALUES (41, 11, 15, 'Western Digital');
SELECT SEQ_PROCUREMENT_USER_INFO_ID.NEXTVAL USER_ID FROM DUAL;
INSERT INTO USER_INFO(USER_INFO_ID, USER_ID, USER_INFO_TYPE, USER_INFO_VALUE) VALUES (42, 11, 16, '2768654387');
SELECT SEQ_PROCUREMENT_USER_INFO_ID.NEXTVAL USER_ID FROM DUAL;
INSERT INTO USER_INFO(USER_INFO_ID, USER_ID, USER_INFO_TYPE, USER_INFO_VALUE) VALUES (43, 11, 17, '43659 Owens Drive Pleasanton, CA US 89774');
SELECT SEQ_PROCUREMENT_USER_INFO_ID.NEXTVAL USER_ID FROM DUAL;
INSERT INTO USER_INFO(USER_INFO_ID, USER_ID, USER_INFO_TYPE, USER_INFO_VALUE) VALUES (44, 11, 18, '+01 786734124');
SELECT SEQ_PROCUREMENT_USER_INFO_ID.NEXTVAL USER_ID FROM DUAL;
INSERT INTO USER_INFO(USER_INFO_ID, USER_ID, USER_INFO_TYPE, USER_INFO_VALUE) VALUES (45, 12, 15, 'Seagate');
SELECT SEQ_PROCUREMENT_USER_INFO_ID.NEXTVAL USER_ID FROM DUAL;
INSERT INTO USER_INFO(USER_INFO_ID, USER_ID, USER_INFO_TYPE, USER_INFO_VALUE) VALUES (46, 12, 16, '39834879-3');
SELECT SEQ_PROCUREMENT_USER_INFO_ID.NEXTVAL USER_ID FROM DUAL;
INSERT INTO USER_INFO(USER_INFO_ID, USER_ID, USER_INFO_TYPE, USER_INFO_VALUE) VALUES (47, 12, 17, '8732 Owens Drive Pleasanton, CA US 8769');
SELECT SEQ_PROCUREMENT_USER_INFO_ID.NEXTVAL USER_ID FROM DUAL;
INSERT INTO USER_INFO(USER_INFO_ID, USER_ID, USER_INFO_TYPE, USER_INFO_VALUE) VALUES (48, 12, 18, '+01 46583489');
SELECT SEQ_PROCUREMENT_USER_INFO_ID.NEXTVAL USER_ID FROM DUAL;
INSERT INTO USER_INFO(USER_INFO_ID, USER_ID, USER_INFO_TYPE, USER_INFO_VALUE) VALUES (49, 13, 15, 'Samsung');
SELECT SEQ_PROCUREMENT_USER_INFO_ID.NEXTVAL USER_ID FROM DUAL;
INSERT INTO USER_INFO(USER_INFO_ID, USER_ID, USER_INFO_TYPE, USER_INFO_VALUE) VALUES (50, 13, 16, '347665980');
SELECT SEQ_PROCUREMENT_USER_INFO_ID.NEXTVAL USER_ID FROM DUAL;
INSERT INTO USER_INFO(USER_INFO_ID, USER_ID, USER_INFO_TYPE, USER_INFO_VALUE) VALUES (51, 13, 17, 'No.4574 XXX Rd. Seoul, Korea');
SELECT SEQ_PROCUREMENT_USER_INFO_ID.NEXTVAL USER_ID FROM DUAL;
INSERT INTO USER_INFO(USER_INFO_ID, USER_ID, USER_INFO_TYPE, USER_INFO_VALUE) VALUES (52, 13, 18, '+82 46583489');
SELECT SEQ_PROCUREMENT_USER_INFO_ID.NEXTVAL USER_ID FROM DUAL;
INSERT INTO USER_INFO(USER_INFO_ID, USER_ID, USER_INFO_TYPE, USER_INFO_VALUE) VALUES (53, 14, 15, 'Kingston');
SELECT SEQ_PROCUREMENT_USER_INFO_ID.NEXTVAL USER_ID FROM DUAL;
INSERT INTO USER_INFO(USER_INFO_ID, USER_ID, USER_INFO_TYPE, USER_INFO_VALUE) VALUES (54, 14, 16, '324543768');
SELECT SEQ_PROCUREMENT_USER_INFO_ID.NEXTVAL USER_ID FROM DUAL;
INSERT INTO USER_INFO(USER_INFO_ID, USER_ID, USER_INFO_TYPE, USER_INFO_VALUE) VALUES (55, 14, 17, '9834 Owens Drive Pleasanton, CA US 76698');
SELECT SEQ_PROCUREMENT_USER_INFO_ID.NEXTVAL USER_ID FROM DUAL;
INSERT INTO USER_INFO(USER_INFO_ID, USER_ID, USER_INFO_TYPE, USER_INFO_VALUE) VALUES (56, 14, 18, '+01 65839519');
SELECT SEQ_PROCUREMENT_USER_INFO_ID.NEXTVAL USER_ID FROM DUAL;
INSERT INTO USER_INFO(USER_INFO_ID, USER_ID, USER_INFO_TYPE, USER_INFO_VALUE) VALUES (57, 15, 15, 'Teclast');
SELECT SEQ_PROCUREMENT_USER_INFO_ID.NEXTVAL USER_ID FROM DUAL;
INSERT INTO USER_INFO(USER_INFO_ID, USER_ID, USER_INFO_TYPE, USER_INFO_VALUE) VALUES (58, 15, 16, '465943750');
SELECT SEQ_PROCUREMENT_USER_INFO_ID.NEXTVAL USER_ID FROM DUAL;
INSERT INTO USER_INFO(USER_INFO_ID, USER_ID, USER_INFO_TYPE, USER_INFO_VALUE) VALUES (59, 15, 17, 'No.4547 XXX Rd. TW, China');
SELECT SEQ_PROCUREMENT_USER_INFO_ID.NEXTVAL USER_ID FROM DUAL;
INSERT INTO USER_INFO(USER_INFO_ID, USER_ID, USER_INFO_TYPE, USER_INFO_VALUE) VALUES (60, 15, 18, '+86 46435489');
SELECT SEQ_PROCUREMENT_USER_INFO_ID.NEXTVAL USER_ID FROM DUAL;
INSERT INTO USER_INFO(USER_INFO_ID, USER_ID, USER_INFO_TYPE, USER_INFO_VALUE) VALUES (61, 16, 15, 'LogiTech');
SELECT SEQ_PROCUREMENT_USER_INFO_ID.NEXTVAL USER_ID FROM DUAL;
INSERT INTO USER_INFO(USER_INFO_ID, USER_ID, USER_INFO_TYPE, USER_INFO_VALUE) VALUES (62, 16, 16, '345865436');
SELECT SEQ_PROCUREMENT_USER_INFO_ID.NEXTVAL USER_ID FROM DUAL;
INSERT INTO USER_INFO(USER_INFO_ID, USER_ID, USER_INFO_TYPE, USER_INFO_VALUE) VALUES (63, 16, 17, '43 Owens Drive Pleasanton, CA US 7609');
SELECT SEQ_PROCUREMENT_USER_INFO_ID.NEXTVAL USER_ID FROM DUAL;
INSERT INTO USER_INFO(USER_INFO_ID, USER_ID, USER_INFO_TYPE, USER_INFO_VALUE) VALUES (64, 16, 18, '+01 454734945');
SELECT SEQ_PROCUREMENT_USER_INFO_ID.NEXTVAL USER_ID FROM DUAL;
INSERT INTO USER_INFO(USER_INFO_ID, USER_ID, USER_INFO_TYPE, USER_INFO_VALUE) VALUES (65, 17, 15, 'Cherry');
SELECT SEQ_PROCUREMENT_USER_INFO_ID.NEXTVAL USER_ID FROM DUAL;
INSERT INTO USER_INFO(USER_INFO_ID, USER_ID, USER_INFO_TYPE, USER_INFO_VALUE) VALUES (66, 17, 16, '97686745');
SELECT SEQ_PROCUREMENT_USER_INFO_ID.NEXTVAL USER_ID FROM DUAL;
INSERT INTO USER_INFO(USER_INFO_ID, USER_ID, USER_INFO_TYPE, USER_INFO_VALUE) VALUES (67, 17, 17, '458 Owens Drive Pleasanton, CA US 232');
SELECT SEQ_PROCUREMENT_USER_INFO_ID.NEXTVAL USER_ID FROM DUAL;
INSERT INTO USER_INFO(USER_INFO_ID, USER_ID, USER_INFO_TYPE, USER_INFO_VALUE) VALUES (68, 17, 18, '+01 97649320');
SELECT SEQ_PROCUREMENT_USER_INFO_ID.NEXTVAL USER_ID FROM DUAL;
INSERT INTO USER_INFO(USER_INFO_ID, USER_ID, USER_INFO_TYPE, USER_INFO_VALUE) VALUES (69, 18, 15, 'Gigabyte');
SELECT SEQ_PROCUREMENT_USER_INFO_ID.NEXTVAL USER_ID FROM DUAL;
INSERT INTO USER_INFO(USER_INFO_ID, USER_ID, USER_INFO_TYPE, USER_INFO_VALUE) VALUES (70, 18, 16, '98450543630');
SELECT SEQ_PROCUREMENT_USER_INFO_ID.NEXTVAL USER_ID FROM DUAL;
INSERT INTO USER_INFO(USER_INFO_ID, USER_ID, USER_INFO_TYPE, USER_INFO_VALUE) VALUES (71, 18, 17, '46 Owens Drive Pleasanton, CA US 456');
SELECT SEQ_PROCUREMENT_USER_INFO_ID.NEXTVAL USER_ID FROM DUAL;
INSERT INTO USER_INFO(USER_INFO_ID, USER_ID, USER_INFO_TYPE, USER_INFO_VALUE) VALUES (72, 18, 18, '+01 67854669');
SELECT SEQ_PROCUREMENT_USER_INFO_ID.NEXTVAL USER_ID FROM DUAL;
INSERT INTO USER_INFO(USER_INFO_ID, USER_ID, USER_INFO_TYPE, USER_INFO_VALUE) VALUES (73, 19, 15, 'ACTTO');
SELECT SEQ_PROCUREMENT_USER_INFO_ID.NEXTVAL USER_ID FROM DUAL;
INSERT INTO USER_INFO(USER_INFO_ID, USER_ID, USER_INFO_TYPE, USER_INFO_VALUE) VALUES (74, 19, 16, '8765430-');
SELECT SEQ_PROCUREMENT_USER_INFO_ID.NEXTVAL USER_ID FROM DUAL;
INSERT INTO USER_INFO(USER_INFO_ID, USER_ID, USER_INFO_TYPE, USER_INFO_VALUE) VALUES (75, 19, 17, '45 Owens Drive Pleasanton, CA US 7684');
SELECT SEQ_PROCUREMENT_USER_INFO_ID.NEXTVAL USER_ID FROM DUAL;
INSERT INTO USER_INFO(USER_INFO_ID, USER_ID, USER_INFO_TYPE, USER_INFO_VALUE) VALUES (76, 19, 18, '+01 78769654');
SELECT SEQ_PROCUREMENT_USER_INFO_ID.NEXTVAL USER_ID FROM DUAL;
INSERT INTO USER_INFO(USER_INFO_ID, USER_ID, USER_INFO_TYPE, USER_INFO_VALUE) VALUES (77, 20, 15, 'TP Link');
SELECT SEQ_PROCUREMENT_USER_INFO_ID.NEXTVAL USER_ID FROM DUAL;
INSERT INTO USER_INFO(USER_INFO_ID, USER_ID, USER_INFO_TYPE, USER_INFO_VALUE) VALUES (78, 20, 16, '3556863457');
SELECT SEQ_PROCUREMENT_USER_INFO_ID.NEXTVAL USER_ID FROM DUAL;
INSERT INTO USER_INFO(USER_INFO_ID, USER_ID, USER_INFO_TYPE, USER_INFO_VALUE) VALUES (79, 20, 17, 'No.345 XXXX RD., Shenzhen China');
SELECT SEQ_PROCUREMENT_USER_INFO_ID.NEXTVAL USER_ID FROM DUAL;
INSERT INTO USER_INFO(USER_INFO_ID, USER_ID, USER_INFO_TYPE, USER_INFO_VALUE) VALUES (80, 20, 18, '+86 0755 69067375');
SELECT SEQ_PROCUREMENT_USER_INFO_ID.NEXTVAL USER_ID FROM DUAL;
INSERT INTO USER_INFO(USER_INFO_ID, USER_ID, USER_INFO_TYPE, USER_INFO_VALUE) VALUES (81, 21, 15, 'Fuji Xerox');
SELECT SEQ_PROCUREMENT_USER_INFO_ID.NEXTVAL USER_ID FROM DUAL;
INSERT INTO USER_INFO(USER_INFO_ID, USER_ID, USER_INFO_TYPE, USER_INFO_VALUE) VALUES (82, 21, 16, '233457345');
SELECT SEQ_PROCUREMENT_USER_INFO_ID.NEXTVAL USER_ID FROM DUAL;
INSERT INTO USER_INFO(USER_INFO_ID, USER_ID, USER_INFO_TYPE, USER_INFO_VALUE) VALUES (83, 21, 17, 'No.345 XXXX RD., Tokyo JP');
SELECT SEQ_PROCUREMENT_USER_INFO_ID.NEXTVAL USER_ID FROM DUAL;
INSERT INTO USER_INFO(USER_INFO_ID, USER_ID, USER_INFO_TYPE, USER_INFO_VALUE) VALUES (84, 21, 18, '+81 345473248');
SELECT SEQ_PROCUREMENT_USER_INFO_ID.NEXTVAL USER_ID FROM DUAL;
INSERT INTO USER_INFO(USER_INFO_ID, USER_ID, USER_INFO_TYPE, USER_INFO_VALUE) VALUES (85, 22, 15, 'HP');
SELECT SEQ_PROCUREMENT_USER_INFO_ID.NEXTVAL USER_ID FROM DUAL;
INSERT INTO USER_INFO(USER_INFO_ID, USER_ID, USER_INFO_TYPE, USER_INFO_VALUE) VALUES (86, 22, 16, '98078967834');
SELECT SEQ_PROCUREMENT_USER_INFO_ID.NEXTVAL USER_ID FROM DUAL;
INSERT INTO USER_INFO(USER_INFO_ID, USER_ID, USER_INFO_TYPE, USER_INFO_VALUE) VALUES (87, 22, 17, '8905 Owens Drive Pleasanton, CA US 35456');
SELECT SEQ_PROCUREMENT_USER_INFO_ID.NEXTVAL USER_ID FROM DUAL;
INSERT INTO USER_INFO(USER_INFO_ID, USER_ID, USER_INFO_TYPE, USER_INFO_VALUE) VALUES (88, 22, 18, '+01 547679453');
SELECT SEQ_PROCUREMENT_USER_INFO_ID.NEXTVAL USER_ID FROM DUAL;
INSERT INTO USER_INFO(USER_INFO_ID, USER_ID, USER_INFO_TYPE, USER_INFO_VALUE) VALUES (89, 23, 15, 'SONY');
SELECT SEQ_PROCUREMENT_USER_INFO_ID.NEXTVAL USER_ID FROM DUAL;
INSERT INTO USER_INFO(USER_INFO_ID, USER_ID, USER_INFO_TYPE, USER_INFO_VALUE) VALUES (90, 23, 16, '78676540');
SELECT SEQ_PROCUREMENT_USER_INFO_ID.NEXTVAL USER_ID FROM DUAL;
INSERT INTO USER_INFO(USER_INFO_ID, USER_ID, USER_INFO_TYPE, USER_INFO_VALUE) VALUES (91, 23, 17, 'No.963 XXXX RD., Tokyo JP');
SELECT SEQ_PROCUREMENT_USER_INFO_ID.NEXTVAL USER_ID FROM DUAL;
INSERT INTO USER_INFO(USER_INFO_ID, USER_ID, USER_INFO_TYPE, USER_INFO_VALUE) VALUES (92, 23, 18, '+81 547934047');
SELECT SEQ_PROCUREMENT_USER_INFO_ID.NEXTVAL USER_ID FROM DUAL;
INSERT INTO USER_INFO(USER_INFO_ID, USER_ID, USER_INFO_TYPE, USER_INFO_VALUE) VALUES (93, 24, 15, 'BenQ');
SELECT SEQ_PROCUREMENT_USER_INFO_ID.NEXTVAL USER_ID FROM DUAL;
INSERT INTO USER_INFO(USER_INFO_ID, USER_ID, USER_INFO_TYPE, USER_INFO_VALUE) VALUES (94, 24, 16, '856905447');
SELECT SEQ_PROCUREMENT_USER_INFO_ID.NEXTVAL USER_ID FROM DUAL;
INSERT INTO USER_INFO(USER_INFO_ID, USER_ID, USER_INFO_TYPE, USER_INFO_VALUE) VALUES (95, 24, 17, 'No.273 XXXX RD., Suzhou China');
SELECT SEQ_PROCUREMENT_USER_INFO_ID.NEXTVAL USER_ID FROM DUAL;
INSERT INTO USER_INFO(USER_INFO_ID, USER_ID, USER_INFO_TYPE, USER_INFO_VALUE) VALUES (96, 24, 18, '+86 0512 35838053');
SELECT SEQ_PROCUREMENT_USER_INFO_ID.NEXTVAL USER_ID FROM DUAL;
INSERT INTO USER_INFO(USER_INFO_ID, USER_ID, USER_INFO_TYPE, USER_INFO_VALUE) VALUES (97, 25, 15, 'Fellowes');
SELECT SEQ_PROCUREMENT_USER_INFO_ID.NEXTVAL USER_ID FROM DUAL;
INSERT INTO USER_INFO(USER_INFO_ID, USER_ID, USER_INFO_TYPE, USER_INFO_VALUE) VALUES (98, 25, 16, '345893480');
SELECT SEQ_PROCUREMENT_USER_INFO_ID.NEXTVAL USER_ID FROM DUAL;
INSERT INTO USER_INFO(USER_INFO_ID, USER_ID, USER_INFO_TYPE, USER_INFO_VALUE) VALUES (99, 25, 17, '7459 Owens Drive Pleasanton, CA US 5478');
SELECT SEQ_PROCUREMENT_USER_INFO_ID.NEXTVAL USER_ID FROM DUAL;
INSERT INTO USER_INFO(USER_INFO_ID, USER_ID, USER_INFO_TYPE, USER_INFO_VALUE) VALUES (100, 25, 18, '+01 67683496');
SELECT SEQ_PROCUREMENT_USER_INFO_ID.NEXTVAL USER_ID FROM DUAL;
INSERT INTO USER_INFO(USER_INFO_ID, USER_ID, USER_INFO_TYPE, USER_INFO_VALUE) VALUES (101, 26, 15, 'Deli');
SELECT SEQ_PROCUREMENT_USER_INFO_ID.NEXTVAL USER_ID FROM DUAL;
INSERT INTO USER_INFO(USER_INFO_ID, USER_ID, USER_INFO_TYPE, USER_INFO_VALUE) VALUES (102, 26, 16, '547954348');
SELECT SEQ_PROCUREMENT_USER_INFO_ID.NEXTVAL USER_ID FROM DUAL;
INSERT INTO USER_INFO(USER_INFO_ID, USER_ID, USER_INFO_TYPE, USER_INFO_VALUE) VALUES (103, 26, 17, 'No.8956 XXXX RD., Suzhou China');
SELECT SEQ_PROCUREMENT_USER_INFO_ID.NEXTVAL USER_ID FROM DUAL;
INSERT INTO USER_INFO(USER_INFO_ID, USER_ID, USER_INFO_TYPE, USER_INFO_VALUE) VALUES (104, 26, 18, '+86 0512 85469368');
SELECT SEQ_PROCUREMENT_USER_INFO_ID.NEXTVAL USER_ID FROM DUAL;
INSERT INTO USER_INFO(USER_INFO_ID, USER_ID, USER_INFO_TYPE, USER_INFO_VALUE) VALUES (105, 27, 15, 'Uni');
SELECT SEQ_PROCUREMENT_USER_INFO_ID.NEXTVAL USER_ID FROM DUAL;
INSERT INTO USER_INFO(USER_INFO_ID, USER_ID, USER_INFO_TYPE, USER_INFO_VALUE) VALUES (106, 27, 16, '456934905');
SELECT SEQ_PROCUREMENT_USER_INFO_ID.NEXTVAL USER_ID FROM DUAL;
INSERT INTO USER_INFO(USER_INFO_ID, USER_ID, USER_INFO_TYPE, USER_INFO_VALUE) VALUES (107, 27, 17, 'No.8954 XXXX RD., Tokyo JP');
SELECT SEQ_PROCUREMENT_USER_INFO_ID.NEXTVAL USER_ID FROM DUAL;
INSERT INTO USER_INFO(USER_INFO_ID, USER_ID, USER_INFO_TYPE, USER_INFO_VALUE) VALUES (108, 27, 18, '+81 456983498');
SELECT SEQ_PROCUREMENT_USER_INFO_ID.NEXTVAL USER_ID FROM DUAL;
INSERT INTO USER_INFO(USER_INFO_ID, USER_ID, USER_INFO_TYPE, USER_INFO_VALUE) VALUES (109, 28, 15, '3M');
SELECT SEQ_PROCUREMENT_USER_INFO_ID.NEXTVAL USER_ID FROM DUAL;
INSERT INTO USER_INFO(USER_INFO_ID, USER_ID, USER_INFO_TYPE, USER_INFO_VALUE) VALUES (110, 28, 16, '36785435');
SELECT SEQ_PROCUREMENT_USER_INFO_ID.NEXTVAL USER_ID FROM DUAL;
INSERT INTO USER_INFO(USER_INFO_ID, USER_ID, USER_INFO_TYPE, USER_INFO_VALUE) VALUES (111, 28, 17, '7834 Owens Drive Pleasanton, CA US 9854');
SELECT SEQ_PROCUREMENT_USER_INFO_ID.NEXTVAL USER_ID FROM DUAL;
INSERT INTO USER_INFO(USER_INFO_ID, USER_ID, USER_INFO_TYPE, USER_INFO_VALUE) VALUES (112, 28, 18, '+01 489340346');
SELECT SEQ_PROCUREMENT_USER_INFO_ID.NEXTVAL USER_ID FROM DUAL;
INSERT INTO USER_INFO(USER_INFO_ID, USER_ID, USER_INFO_TYPE, USER_INFO_VALUE) VALUES (113, 29, 15, 'CASIO');
SELECT SEQ_PROCUREMENT_USER_INFO_ID.NEXTVAL USER_ID FROM DUAL;
INSERT INTO USER_INFO(USER_INFO_ID, USER_ID, USER_INFO_TYPE, USER_INFO_VALUE) VALUES (114, 29, 16, '877544896');
SELECT SEQ_PROCUREMENT_USER_INFO_ID.NEXTVAL USER_ID FROM DUAL;
INSERT INTO USER_INFO(USER_INFO_ID, USER_ID, USER_INFO_TYPE, USER_INFO_VALUE) VALUES (115, 29, 17, 'No.7264 XXXX RD., Tokyo JP');
SELECT SEQ_PROCUREMENT_USER_INFO_ID.NEXTVAL USER_ID FROM DUAL;
INSERT INTO USER_INFO(USER_INFO_ID, USER_ID, USER_INFO_TYPE, USER_INFO_VALUE) VALUES (116, 29, 18, '+81 439239532');


CREATE TABLE CATALOG(
  CATALOG_ID NUMBER,
  PARENT_CATALOG NUMBER,
  CATALOG_DEPTH NUMBER,
  CATALOG_NAME VARCHAR(50),
  IS_DELETED NUMBER(1),
  CONSTRAINT PK_CATALOG PRIMARY KEY (CATALOG_ID),
  CONSTRAINT FK_PARENT_CATALOG FOREIGN KEY (PARENT_CATALOG) REFERENCES CATALOG(CATALOG_ID)
);

INSERT INTO CATALOG(CATALOG_ID, PARENT_CATALOG, CATALOG_DEPTH, CATALOG_NAME, IS_DELETED) VALUES (0, NULL, 0, 'Top Level', 0);
SELECT SEQ_PROCUREMENT_CATALOG_ID.NEXTVAL USER_INFO_ID FROM DUAL;
INSERT INTO CATALOG(CATALOG_ID, PARENT_CATALOG, CATALOG_DEPTH, CATALOG_NAME, IS_DELETED) VALUES (1, 0, 1, 'Computers And Laptops', 0);
SELECT SEQ_PROCUREMENT_CATALOG_ID.NEXTVAL USER_INFO_ID FROM DUAL;
INSERT INTO CATALOG(CATALOG_ID, PARENT_CATALOG, CATALOG_DEPTH, CATALOG_NAME, IS_DELETED) VALUES (2, 0, 1, 'Peripheral Products', 0);
SELECT SEQ_PROCUREMENT_CATALOG_ID.NEXTVAL USER_INFO_ID FROM DUAL;
INSERT INTO CATALOG(CATALOG_ID, PARENT_CATALOG, CATALOG_DEPTH, CATALOG_NAME, IS_DELETED) VALUES (3, 0, 1, 'PC Components', 0);
SELECT SEQ_PROCUREMENT_CATALOG_ID.NEXTVAL USER_INFO_ID FROM DUAL;
INSERT INTO CATALOG(CATALOG_ID, PARENT_CATALOG, CATALOG_DEPTH, CATALOG_NAME, IS_DELETED) VALUES (4, 0, 1, 'Network Devices', 0);
SELECT SEQ_PROCUREMENT_CATALOG_ID.NEXTVAL USER_INFO_ID FROM DUAL;
INSERT INTO CATALOG(CATALOG_ID, PARENT_CATALOG, CATALOG_DEPTH, CATALOG_NAME, IS_DELETED) VALUES (5, 0, 1, 'Office Facilities', 0);
SELECT SEQ_PROCUREMENT_CATALOG_ID.NEXTVAL USER_INFO_ID FROM DUAL;
INSERT INTO CATALOG(CATALOG_ID, PARENT_CATALOG, CATALOG_DEPTH, CATALOG_NAME, IS_DELETED) VALUES (6, 0, 1, 'Stationery Supplies', 0);

SELECT SEQ_PROCUREMENT_CATALOG_ID.NEXTVAL USER_INFO_ID FROM DUAL;
INSERT INTO CATALOG(CATALOG_ID, PARENT_CATALOG, CATALOG_DEPTH, CATALOG_NAME, IS_DELETED) VALUES (7, 1, 2, 'Tablet Computers', 0);
SELECT SEQ_PROCUREMENT_CATALOG_ID.NEXTVAL USER_INFO_ID FROM DUAL;
INSERT INTO CATALOG(CATALOG_ID, PARENT_CATALOG, CATALOG_DEPTH, CATALOG_NAME, IS_DELETED) VALUES (8, 1, 2, 'Laptops', 0);
SELECT SEQ_PROCUREMENT_CATALOG_ID.NEXTVAL USER_INFO_ID FROM DUAL;
INSERT INTO CATALOG(CATALOG_ID, PARENT_CATALOG, CATALOG_DEPTH, CATALOG_NAME, IS_DELETED) VALUES (9, 1, 2, 'All-in-one PCs', 0);
SELECT SEQ_PROCUREMENT_CATALOG_ID.NEXTVAL USER_INFO_ID FROM DUAL;
INSERT INTO CATALOG(CATALOG_ID, PARENT_CATALOG, CATALOG_DEPTH, CATALOG_NAME, IS_DELETED) VALUES (10, 1, 2, 'Desktops', 0);
SELECT SEQ_PROCUREMENT_CATALOG_ID.NEXTVAL USER_INFO_ID FROM DUAL;
INSERT INTO CATALOG(CATALOG_ID, PARENT_CATALOG, CATALOG_DEPTH, CATALOG_NAME, IS_DELETED) VALUES (11, 1, 2, 'Sheer PCs', 0);

SELECT SEQ_PROCUREMENT_CATALOG_ID.NEXTVAL USER_INFO_ID FROM DUAL;
INSERT INTO CATALOG(CATALOG_ID, PARENT_CATALOG, CATALOG_DEPTH, CATALOG_NAME, IS_DELETED) VALUES (12, 2, 2, 'Mobile Hard Disk Drives', 0);
SELECT SEQ_PROCUREMENT_CATALOG_ID.NEXTVAL USER_INFO_ID FROM DUAL;
INSERT INTO CATALOG(CATALOG_ID, PARENT_CATALOG, CATALOG_DEPTH, CATALOG_NAME, IS_DELETED) VALUES (13, 2, 2, 'Solid State Disks', 0);
SELECT SEQ_PROCUREMENT_CATALOG_ID.NEXTVAL USER_INFO_ID FROM DUAL;
INSERT INTO CATALOG(CATALOG_ID, PARENT_CATALOG, CATALOG_DEPTH, CATALOG_NAME, IS_DELETED) VALUES (14, 2, 2, 'USB Disks', 0);
SELECT SEQ_PROCUREMENT_CATALOG_ID.NEXTVAL USER_INFO_ID FROM DUAL;
INSERT INTO CATALOG(CATALOG_ID, PARENT_CATALOG, CATALOG_DEPTH, CATALOG_NAME, IS_DELETED) VALUES (15, 2, 2, 'Mouses', 0);
SELECT SEQ_PROCUREMENT_CATALOG_ID.NEXTVAL USER_INFO_ID FROM DUAL;
INSERT INTO CATALOG(CATALOG_ID, PARENT_CATALOG, CATALOG_DEPTH, CATALOG_NAME, IS_DELETED) VALUES (16, 2, 2, 'Keyboards', 0);
SELECT SEQ_PROCUREMENT_CATALOG_ID.NEXTVAL USER_INFO_ID FROM DUAL;
INSERT INTO CATALOG(CATALOG_ID, PARENT_CATALOG, CATALOG_DEPTH, CATALOG_NAME, IS_DELETED) VALUES (17, 2, 2, 'Mechanical Keyboards', 0);
SELECT SEQ_PROCUREMENT_CATALOG_ID.NEXTVAL USER_INFO_ID FROM DUAL;
INSERT INTO CATALOG(CATALOG_ID, PARENT_CATALOG, CATALOG_DEPTH, CATALOG_NAME, IS_DELETED) VALUES (18, 2, 2, 'Laptop Backpacks', 0);

SELECT SEQ_PROCUREMENT_CATALOG_ID.NEXTVAL USER_INFO_ID FROM DUAL;
INSERT INTO CATALOG(CATALOG_ID, PARENT_CATALOG, CATALOG_DEPTH, CATALOG_NAME, IS_DELETED) VALUES (19, 3, 2, 'Monitors', 0);
SELECT SEQ_PROCUREMENT_CATALOG_ID.NEXTVAL USER_INFO_ID FROM DUAL;
INSERT INTO CATALOG(CATALOG_ID, PARENT_CATALOG, CATALOG_DEPTH, CATALOG_NAME, IS_DELETED) VALUES (20, 3, 2, 'Motherboards', 0);
SELECT SEQ_PROCUREMENT_CATALOG_ID.NEXTVAL USER_INFO_ID FROM DUAL;
INSERT INTO CATALOG(CATALOG_ID, PARENT_CATALOG, CATALOG_DEPTH, CATALOG_NAME, IS_DELETED) VALUES (21, 3, 2, 'Computer Radiators', 0);
SELECT SEQ_PROCUREMENT_CATALOG_ID.NEXTVAL USER_INFO_ID FROM DUAL;
INSERT INTO CATALOG(CATALOG_ID, PARENT_CATALOG, CATALOG_DEPTH, CATALOG_NAME, IS_DELETED) VALUES (22, 3, 2, 'Video Cards', 0);
SELECT SEQ_PROCUREMENT_CATALOG_ID.NEXTVAL USER_INFO_ID FROM DUAL;
INSERT INTO CATALOG(CATALOG_ID, PARENT_CATALOG, CATALOG_DEPTH, CATALOG_NAME, IS_DELETED) VALUES (23, 3, 2, 'Wires', 0);
SELECT SEQ_PROCUREMENT_CATALOG_ID.NEXTVAL USER_INFO_ID FROM DUAL;
INSERT INTO CATALOG(CATALOG_ID, PARENT_CATALOG, CATALOG_DEPTH, CATALOG_NAME, IS_DELETED) VALUES (24, 3, 2, 'Memory Bars', 0);
SELECT SEQ_PROCUREMENT_CATALOG_ID.NEXTVAL USER_INFO_ID FROM DUAL;
INSERT INTO CATALOG(CATALOG_ID, PARENT_CATALOG, CATALOG_DEPTH, CATALOG_NAME, IS_DELETED) VALUES (25, 3, 2, 'Adapters', 0);

SELECT SEQ_PROCUREMENT_CATALOG_ID.NEXTVAL USER_INFO_ID FROM DUAL;
INSERT INTO CATALOG(CATALOG_ID, PARENT_CATALOG, CATALOG_DEPTH, CATALOG_NAME, IS_DELETED) VALUES (26, 4, 2, 'Routers', 0);
SELECT SEQ_PROCUREMENT_CATALOG_ID.NEXTVAL USER_INFO_ID FROM DUAL;
INSERT INTO CATALOG(CATALOG_ID, PARENT_CATALOG, CATALOG_DEPTH, CATALOG_NAME, IS_DELETED) VALUES (27, 4, 2, 'Wireless APs', 0);
SELECT SEQ_PROCUREMENT_CATALOG_ID.NEXTVAL USER_INFO_ID FROM DUAL;
INSERT INTO CATALOG(CATALOG_ID, PARENT_CATALOG, CATALOG_DEPTH, CATALOG_NAME, IS_DELETED) VALUES (28, 4, 2, 'Switches', 0);
SELECT SEQ_PROCUREMENT_CATALOG_ID.NEXTVAL USER_INFO_ID FROM DUAL;
INSERT INTO CATALOG(CATALOG_ID, PARENT_CATALOG, CATALOG_DEPTH, CATALOG_NAME, IS_DELETED) VALUES (29, 4, 2, '4G Network Services', 0);
SELECT SEQ_PROCUREMENT_CATALOG_ID.NEXTVAL USER_INFO_ID FROM DUAL;
INSERT INTO CATALOG(CATALOG_ID, PARENT_CATALOG, CATALOG_DEPTH, CATALOG_NAME, IS_DELETED) VALUES (30, 4, 2, 'Network Cards', 0);

SELECT SEQ_PROCUREMENT_CATALOG_ID.NEXTVAL USER_INFO_ID FROM DUAL;
INSERT INTO CATALOG(CATALOG_ID, PARENT_CATALOG, CATALOG_DEPTH, CATALOG_NAME, IS_DELETED) VALUES (31, 5, 2, 'Printers', 0);
SELECT SEQ_PROCUREMENT_CATALOG_ID.NEXTVAL USER_INFO_ID FROM DUAL;
INSERT INTO CATALOG(CATALOG_ID, PARENT_CATALOG, CATALOG_DEPTH, CATALOG_NAME, IS_DELETED) VALUES (32, 5, 2, 'Projectors', 0);
SELECT SEQ_PROCUREMENT_CATALOG_ID.NEXTVAL USER_INFO_ID FROM DUAL;
INSERT INTO CATALOG(CATALOG_ID, PARENT_CATALOG, CATALOG_DEPTH, CATALOG_NAME, IS_DELETED) VALUES (33, 5, 2, 'Copiers', 0);
SELECT SEQ_PROCUREMENT_CATALOG_ID.NEXTVAL USER_INFO_ID FROM DUAL;
INSERT INTO CATALOG(CATALOG_ID, PARENT_CATALOG, CATALOG_DEPTH, CATALOG_NAME, IS_DELETED) VALUES (34, 5, 2, 'Shredders', 0);
SELECT SEQ_PROCUREMENT_CATALOG_ID.NEXTVAL USER_INFO_ID FROM DUAL;
INSERT INTO CATALOG(CATALOG_ID, PARENT_CATALOG, CATALOG_DEPTH, CATALOG_NAME, IS_DELETED) VALUES (35, 5, 2, 'Cash Registers', 0);
SELECT SEQ_PROCUREMENT_CATALOG_ID.NEXTVAL USER_INFO_ID FROM DUAL;
INSERT INTO CATALOG(CATALOG_ID, PARENT_CATALOG, CATALOG_DEPTH, CATALOG_NAME, IS_DELETED) VALUES (36, 5, 2, 'Safe', 0);
SELECT SEQ_PROCUREMENT_CATALOG_ID.NEXTVAL USER_INFO_ID FROM DUAL;
INSERT INTO CATALOG(CATALOG_ID, PARENT_CATALOG, CATALOG_DEPTH, CATALOG_NAME, IS_DELETED) VALUES (37, 5, 2, 'Attendance Machines', 0);
SELECT SEQ_PROCUREMENT_CATALOG_ID.NEXTVAL USER_INFO_ID FROM DUAL;
INSERT INTO CATALOG(CATALOG_ID, PARENT_CATALOG, CATALOG_DEPTH, CATALOG_NAME, IS_DELETED) VALUES (38, 5, 2, 'Bookbinding Machines', 0);

SELECT SEQ_PROCUREMENT_CATALOG_ID.NEXTVAL USER_INFO_ID FROM DUAL;
INSERT INTO CATALOG(CATALOG_ID, PARENT_CATALOG, CATALOG_DEPTH, CATALOG_NAME, IS_DELETED) VALUES (39, 6, 2, 'Toner Cartridges', 0);
SELECT SEQ_PROCUREMENT_CATALOG_ID.NEXTVAL USER_INFO_ID FROM DUAL;
INSERT INTO CATALOG(CATALOG_ID, PARENT_CATALOG, CATALOG_DEPTH, CATALOG_NAME, IS_DELETED) VALUES (40, 6, 2, 'Paper', 0);
SELECT SEQ_PROCUREMENT_CATALOG_ID.NEXTVAL USER_INFO_ID FROM DUAL;
INSERT INTO CATALOG(CATALOG_ID, PARENT_CATALOG, CATALOG_DEPTH, CATALOG_NAME, IS_DELETED) VALUES (41, 6, 2, 'Pens', 0);
SELECT SEQ_PROCUREMENT_CATALOG_ID.NEXTVAL USER_INFO_ID FROM DUAL;
INSERT INTO CATALOG(CATALOG_ID, PARENT_CATALOG, CATALOG_DEPTH, CATALOG_NAME, IS_DELETED) VALUES (42, 6, 2, 'Notecards', 0);
SELECT SEQ_PROCUREMENT_CATALOG_ID.NEXTVAL USER_INFO_ID FROM DUAL;
INSERT INTO CATALOG(CATALOG_ID, PARENT_CATALOG, CATALOG_DEPTH, CATALOG_NAME, IS_DELETED) VALUES (43, 6, 2, 'Calculators', 0);
SELECT SEQ_PROCUREMENT_CATALOG_ID.NEXTVAL USER_INFO_ID FROM DUAL;
INSERT INTO CATALOG(CATALOG_ID, PARENT_CATALOG, CATALOG_DEPTH, CATALOG_NAME, IS_DELETED) VALUES (44, 6, 2, 'Glues', 0);
SELECT SEQ_PROCUREMENT_CATALOG_ID.NEXTVAL USER_INFO_ID FROM DUAL;
INSERT INTO CATALOG(CATALOG_ID, PARENT_CATALOG, CATALOG_DEPTH, CATALOG_NAME, IS_DELETED) VALUES (45, 6, 2, 'Clips', 0);
SELECT SEQ_PROCUREMENT_CATALOG_ID.NEXTVAL USER_INFO_ID FROM DUAL;
INSERT INTO CATALOG(CATALOG_ID, PARENT_CATALOG, CATALOG_DEPTH, CATALOG_NAME, IS_DELETED) VALUES (46, 6, 2, 'Bookbinding Supplies', 0);


CREATE TABLE CURRENCY_TYPE(
  CURRENCY_ID NUMBER,
  CURRENCY_NAME VARCHAR(20),
  CURRENCY_SYMBOL VARCHAR(5),
  CURRENCY_EXCHANGE NUMBER(10,5),
  CONSTRAINT PK_CURRENCY_TYPE PRIMARY KEY (CURRENCY_ID)
);

INSERT INTO CURRENCY_TYPE(CURRENCY_ID, CURRENCY_NAME, CURRENCY_SYMBOL, CURRENCY_EXCHANGE) VALUES (1, 'RMB', '￥', 1.0000);
INSERT INTO CURRENCY_TYPE(CURRENCY_ID, CURRENCY_NAME, CURRENCY_SYMBOL, CURRENCY_EXCHANGE) VALUES (2, 'USD', '＄', 6.887);
INSERT INTO CURRENCY_TYPE(CURRENCY_ID, CURRENCY_NAME, CURRENCY_SYMBOL, CURRENCY_EXCHANGE) VALUES (3, 'JPY', 'J￥', 0.06189);
INSERT INTO CURRENCY_TYPE(CURRENCY_ID, CURRENCY_NAME, CURRENCY_SYMBOL, CURRENCY_EXCHANGE) VALUES (4, 'EUR', '€', 7.3925);
INSERT INTO CURRENCY_TYPE(CURRENCY_ID, CURRENCY_NAME, CURRENCY_SYMBOL, CURRENCY_EXCHANGE) VALUES (5, 'GBP', '￡', 8.6088);
INSERT INTO CURRENCY_TYPE(CURRENCY_ID, CURRENCY_NAME, CURRENCY_SYMBOL, CURRENCY_EXCHANGE) VALUES (6, 'CHF', 'CHF', 6.914);
INSERT INTO CURRENCY_TYPE(CURRENCY_ID, CURRENCY_NAME, CURRENCY_SYMBOL, CURRENCY_EXCHANGE) VALUES (7, 'CAD', 'C＄', 5.1833);
INSERT INTO CURRENCY_TYPE(CURRENCY_ID, CURRENCY_NAME, CURRENCY_SYMBOL, CURRENCY_EXCHANGE) VALUES (8, 'AUD', 'A＄', 5.2823);
INSERT INTO CURRENCY_TYPE(CURRENCY_ID, CURRENCY_NAME, CURRENCY_SYMBOL, CURRENCY_EXCHANGE) VALUES (9, 'HKD', 'HK＄', 0.8862);
INSERT INTO CURRENCY_TYPE(CURRENCY_ID, CURRENCY_NAME, CURRENCY_SYMBOL, CURRENCY_EXCHANGE) VALUES (10, 'NZD', 'N＄', 4.8436);
INSERT INTO CURRENCY_TYPE(CURRENCY_ID, CURRENCY_NAME, CURRENCY_SYMBOL, CURRENCY_EXCHANGE) VALUES (11, 'RUB', 'RUB', 0.1229);
INSERT INTO CURRENCY_TYPE(CURRENCY_ID, CURRENCY_NAME, CURRENCY_SYMBOL, CURRENCY_EXCHANGE) VALUES (12, 'KRW', '￦', 0.00618);
INSERT INTO CURRENCY_TYPE(CURRENCY_ID, CURRENCY_NAME, CURRENCY_SYMBOL, CURRENCY_EXCHANGE) VALUES (13, 'THB', '฿', 0.2002);

CREATE TABLE PRICE(
  PRICE_ID NUMBER,
  PRICE_VALUE NUMBER(20,2),
  CURRENCY_ID NUMBER,
  CONSTRAINT PK_PRICE PRIMARY KEY (PRICE_ID),
  CONSTRAINT FK_PRICE_CURRENCY_TYPE FOREIGN KEY (CURRENCY_ID) REFERENCES CURRENCY_TYPE(CURRENCY_ID)
);
SELECT SEQ_PROCUREMENT_PRICE_ID.NEXTVAL PRICE FROM DUAL;
INSERT INTO PRICE(PRICE_ID, PRICE_VALUE, CURRENCY_ID) VALUES (1, 1129.00, 1);
SELECT SEQ_PROCUREMENT_PRICE_ID.NEXTVAL PRICE FROM DUAL;
INSERT INTO PRICE(PRICE_ID, PRICE_VALUE, CURRENCY_ID) VALUES (2, 3188.00, 1);
SELECT SEQ_PROCUREMENT_PRICE_ID.NEXTVAL PRICE FROM DUAL;
INSERT INTO PRICE(PRICE_ID, PRICE_VALUE, CURRENCY_ID) VALUES (3, 7566.00, 1);
SELECT SEQ_PROCUREMENT_PRICE_ID.NEXTVAL PRICE FROM DUAL;
INSERT INTO PRICE(PRICE_ID, PRICE_VALUE, CURRENCY_ID) VALUES (4, 4099.00, 1);
SELECT SEQ_PROCUREMENT_PRICE_ID.NEXTVAL PRICE FROM DUAL;
INSERT INTO PRICE(PRICE_ID, PRICE_VALUE, CURRENCY_ID) VALUES (5, 10688.00, 1);
SELECT SEQ_PROCUREMENT_PRICE_ID.NEXTVAL PRICE FROM DUAL;
INSERT INTO PRICE(PRICE_ID, PRICE_VALUE, CURRENCY_ID) VALUES (6, 8499.00, 1);
SELECT SEQ_PROCUREMENT_PRICE_ID.NEXTVAL PRICE FROM DUAL;
INSERT INTO PRICE(PRICE_ID, PRICE_VALUE, CURRENCY_ID) VALUES (7, 4199.00, 1);
SELECT SEQ_PROCUREMENT_PRICE_ID.NEXTVAL PRICE FROM DUAL;
INSERT INTO PRICE(PRICE_ID, PRICE_VALUE, CURRENCY_ID) VALUES (8, 7188.00, 1);
SELECT SEQ_PROCUREMENT_PRICE_ID.NEXTVAL PRICE FROM DUAL;
INSERT INTO PRICE(PRICE_ID, PRICE_VALUE, CURRENCY_ID) VALUES (9, 3666.00, 1);
SELECT SEQ_PROCUREMENT_PRICE_ID.NEXTVAL PRICE FROM DUAL;
INSERT INTO PRICE(PRICE_ID, PRICE_VALUE, CURRENCY_ID) VALUES (10, 3288.00, 1);
SELECT SEQ_PROCUREMENT_PRICE_ID.NEXTVAL PRICE FROM DUAL;
INSERT INTO PRICE(PRICE_ID, PRICE_VALUE, CURRENCY_ID) VALUES (11, 3899.00, 1);
SELECT SEQ_PROCUREMENT_PRICE_ID.NEXTVAL PRICE FROM DUAL;
INSERT INTO PRICE(PRICE_ID, PRICE_VALUE, CURRENCY_ID) VALUES (12, 11588.00, 1);
SELECT SEQ_PROCUREMENT_PRICE_ID.NEXTVAL PRICE FROM DUAL;
INSERT INTO PRICE(PRICE_ID, PRICE_VALUE, CURRENCY_ID) VALUES (13, 3999.00, 1);
SELECT SEQ_PROCUREMENT_PRICE_ID.NEXTVAL PRICE FROM DUAL;
INSERT INTO PRICE(PRICE_ID, PRICE_VALUE, CURRENCY_ID) VALUES (14, 414.00, 1);
SELECT SEQ_PROCUREMENT_PRICE_ID.NEXTVAL PRICE FROM DUAL;
INSERT INTO PRICE(PRICE_ID, PRICE_VALUE, CURRENCY_ID) VALUES (15, 624.00, 1);
SELECT SEQ_PROCUREMENT_PRICE_ID.NEXTVAL PRICE FROM DUAL;
INSERT INTO PRICE(PRICE_ID, PRICE_VALUE, CURRENCY_ID) VALUES (16, 1299.00, 1);
SELECT SEQ_PROCUREMENT_PRICE_ID.NEXTVAL PRICE FROM DUAL;
INSERT INTO PRICE(PRICE_ID, PRICE_VALUE, CURRENCY_ID) VALUES (17, 167.00, 1);
SELECT SEQ_PROCUREMENT_PRICE_ID.NEXTVAL PRICE FROM DUAL;
INSERT INTO PRICE(PRICE_ID, PRICE_VALUE, CURRENCY_ID) VALUES (18, 217.00, 1);
SELECT SEQ_PROCUREMENT_PRICE_ID.NEXTVAL PRICE FROM DUAL;
INSERT INTO PRICE(PRICE_ID, PRICE_VALUE, CURRENCY_ID) VALUES (19, 88.00, 1);
SELECT SEQ_PROCUREMENT_PRICE_ID.NEXTVAL PRICE FROM DUAL;
INSERT INTO PRICE(PRICE_ID, PRICE_VALUE, CURRENCY_ID) VALUES (20, 497.00, 1);
SELECT SEQ_PROCUREMENT_PRICE_ID.NEXTVAL PRICE FROM DUAL;
INSERT INTO PRICE(PRICE_ID, PRICE_VALUE, CURRENCY_ID) VALUES (21, 166.00, 1);
SELECT SEQ_PROCUREMENT_PRICE_ID.NEXTVAL PRICE FROM DUAL;
INSERT INTO PRICE(PRICE_ID, PRICE_VALUE, CURRENCY_ID) VALUES (22, 358.00, 1);
SELECT SEQ_PROCUREMENT_PRICE_ID.NEXTVAL PRICE FROM DUAL;
INSERT INTO PRICE(PRICE_ID, PRICE_VALUE, CURRENCY_ID) VALUES (23, 427.00, 1);
SELECT SEQ_PROCUREMENT_PRICE_ID.NEXTVAL PRICE FROM DUAL;
INSERT INTO PRICE(PRICE_ID, PRICE_VALUE, CURRENCY_ID) VALUES (24, 299.00, 1);
SELECT SEQ_PROCUREMENT_PRICE_ID.NEXTVAL PRICE FROM DUAL;
INSERT INTO PRICE(PRICE_ID, PRICE_VALUE, CURRENCY_ID) VALUES (25, 1159.00, 1);
SELECT SEQ_PROCUREMENT_PRICE_ID.NEXTVAL PRICE FROM DUAL;
INSERT INTO PRICE(PRICE_ID, PRICE_VALUE, CURRENCY_ID) VALUES (26, 859.00, 1);
SELECT SEQ_PROCUREMENT_PRICE_ID.NEXTVAL PRICE FROM DUAL;
INSERT INTO PRICE(PRICE_ID, PRICE_VALUE, CURRENCY_ID) VALUES (27, 179.00, 1);
SELECT SEQ_PROCUREMENT_PRICE_ID.NEXTVAL PRICE FROM DUAL;
INSERT INTO PRICE(PRICE_ID, PRICE_VALUE, CURRENCY_ID) VALUES (28, 2099.00, 1);
SELECT SEQ_PROCUREMENT_PRICE_ID.NEXTVAL PRICE FROM DUAL;
INSERT INTO PRICE(PRICE_ID, PRICE_VALUE, CURRENCY_ID) VALUES (29, 10.90, 1);
SELECT SEQ_PROCUREMENT_PRICE_ID.NEXTVAL PRICE FROM DUAL;
INSERT INTO PRICE(PRICE_ID, PRICE_VALUE, CURRENCY_ID) VALUES (30, 399.00, 1);
SELECT SEQ_PROCUREMENT_PRICE_ID.NEXTVAL PRICE FROM DUAL;
INSERT INTO PRICE(PRICE_ID, PRICE_VALUE, CURRENCY_ID) VALUES (31, 118.00, 1);
SELECT SEQ_PROCUREMENT_PRICE_ID.NEXTVAL PRICE FROM DUAL;
INSERT INTO PRICE(PRICE_ID, PRICE_VALUE, CURRENCY_ID) VALUES (32, 108.00, 1);
SELECT SEQ_PROCUREMENT_PRICE_ID.NEXTVAL PRICE FROM DUAL;
INSERT INTO PRICE(PRICE_ID, PRICE_VALUE, CURRENCY_ID) VALUES (33, 194.00, 1);
SELECT SEQ_PROCUREMENT_PRICE_ID.NEXTVAL PRICE FROM DUAL;
INSERT INTO PRICE(PRICE_ID, PRICE_VALUE, CURRENCY_ID) VALUES (34, 135.00, 1);
SELECT SEQ_PROCUREMENT_PRICE_ID.NEXTVAL PRICE FROM DUAL;
INSERT INTO PRICE(PRICE_ID, PRICE_VALUE, CURRENCY_ID) VALUES (35, 319.00, 1);
SELECT SEQ_PROCUREMENT_PRICE_ID.NEXTVAL PRICE FROM DUAL;
INSERT INTO PRICE(PRICE_ID, PRICE_VALUE, CURRENCY_ID) VALUES (36, 279.00, 1);
SELECT SEQ_PROCUREMENT_PRICE_ID.NEXTVAL PRICE FROM DUAL;
INSERT INTO PRICE(PRICE_ID, PRICE_VALUE, CURRENCY_ID) VALUES (37, 63.00, 1);
SELECT SEQ_PROCUREMENT_PRICE_ID.NEXTVAL PRICE FROM DUAL;
INSERT INTO PRICE(PRICE_ID, PRICE_VALUE, CURRENCY_ID) VALUES (38, 358.00, 1);
SELECT SEQ_PROCUREMENT_PRICE_ID.NEXTVAL PRICE FROM DUAL;
INSERT INTO PRICE(PRICE_ID, PRICE_VALUE, CURRENCY_ID) VALUES (39, 160.00, 1);
SELECT SEQ_PROCUREMENT_PRICE_ID.NEXTVAL PRICE FROM DUAL;
INSERT INTO PRICE(PRICE_ID, PRICE_VALUE, CURRENCY_ID) VALUES (40, 88000.00, 1);
SELECT SEQ_PROCUREMENT_PRICE_ID.NEXTVAL PRICE FROM DUAL;
INSERT INTO PRICE(PRICE_ID, PRICE_VALUE, CURRENCY_ID) VALUES (41, 33999.00, 1);
SELECT SEQ_PROCUREMENT_PRICE_ID.NEXTVAL PRICE FROM DUAL;
INSERT INTO PRICE(PRICE_ID, PRICE_VALUE, CURRENCY_ID) VALUES (42, 80000.00, 1);
SELECT SEQ_PROCUREMENT_PRICE_ID.NEXTVAL PRICE FROM DUAL;
INSERT INTO PRICE(PRICE_ID, PRICE_VALUE, CURRENCY_ID) VALUES (43, 80000.00, 1);
SELECT SEQ_PROCUREMENT_PRICE_ID.NEXTVAL PRICE FROM DUAL;
INSERT INTO PRICE(PRICE_ID, PRICE_VALUE, CURRENCY_ID) VALUES (44, 6799.00, 1);
SELECT SEQ_PROCUREMENT_PRICE_ID.NEXTVAL PRICE FROM DUAL;
INSERT INTO PRICE(PRICE_ID, PRICE_VALUE, CURRENCY_ID) VALUES (45, 29529.00, 1);
SELECT SEQ_PROCUREMENT_PRICE_ID.NEXTVAL PRICE FROM DUAL;
INSERT INTO PRICE(PRICE_ID, PRICE_VALUE, CURRENCY_ID) VALUES (46, 689.00, 1);
SELECT SEQ_PROCUREMENT_PRICE_ID.NEXTVAL PRICE FROM DUAL;
INSERT INTO PRICE(PRICE_ID, PRICE_VALUE, CURRENCY_ID) VALUES (47, 1890.00, 1);
SELECT SEQ_PROCUREMENT_PRICE_ID.NEXTVAL PRICE FROM DUAL;
INSERT INTO PRICE(PRICE_ID, PRICE_VALUE, CURRENCY_ID) VALUES (48, 2150.40, 1);
SELECT SEQ_PROCUREMENT_PRICE_ID.NEXTVAL PRICE FROM DUAL;
INSERT INTO PRICE(PRICE_ID, PRICE_VALUE, CURRENCY_ID) VALUES (49, 789.00, 1);
SELECT SEQ_PROCUREMENT_PRICE_ID.NEXTVAL PRICE FROM DUAL;
INSERT INTO PRICE(PRICE_ID, PRICE_VALUE, CURRENCY_ID) VALUES (50, 7888.00, 1);
SELECT SEQ_PROCUREMENT_PRICE_ID.NEXTVAL PRICE FROM DUAL;
INSERT INTO PRICE(PRICE_ID, PRICE_VALUE, CURRENCY_ID) VALUES (51, 819.00, 1);
SELECT SEQ_PROCUREMENT_PRICE_ID.NEXTVAL PRICE FROM DUAL;
INSERT INTO PRICE(PRICE_ID, PRICE_VALUE, CURRENCY_ID) VALUES (52, 825.00, 1);
SELECT SEQ_PROCUREMENT_PRICE_ID.NEXTVAL PRICE FROM DUAL;
INSERT INTO PRICE(PRICE_ID, PRICE_VALUE, CURRENCY_ID) VALUES (53, 1168.00, 1);
SELECT SEQ_PROCUREMENT_PRICE_ID.NEXTVAL PRICE FROM DUAL;
INSERT INTO PRICE(PRICE_ID, PRICE_VALUE, CURRENCY_ID) VALUES (54, 9.00, 1);
SELECT SEQ_PROCUREMENT_PRICE_ID.NEXTVAL PRICE FROM DUAL;
INSERT INTO PRICE(PRICE_ID, PRICE_VALUE, CURRENCY_ID) VALUES (55, 7.50, 1);
SELECT SEQ_PROCUREMENT_PRICE_ID.NEXTVAL PRICE FROM DUAL;
INSERT INTO PRICE(PRICE_ID, PRICE_VALUE, CURRENCY_ID) VALUES (56, 21.90, 1);
SELECT SEQ_PROCUREMENT_PRICE_ID.NEXTVAL PRICE FROM DUAL;
INSERT INTO PRICE(PRICE_ID, PRICE_VALUE, CURRENCY_ID) VALUES (57, 490.00, 1);
SELECT SEQ_PROCUREMENT_PRICE_ID.NEXTVAL PRICE FROM DUAL;
INSERT INTO PRICE(PRICE_ID, PRICE_VALUE, CURRENCY_ID) VALUES (58, 13.80, 1);
SELECT SEQ_PROCUREMENT_PRICE_ID.NEXTVAL PRICE FROM DUAL;
INSERT INTO PRICE(PRICE_ID, PRICE_VALUE, CURRENCY_ID) VALUES (59, 10.30, 1);
SELECT SEQ_PROCUREMENT_PRICE_ID.NEXTVAL PRICE FROM DUAL;
INSERT INTO PRICE(PRICE_ID, PRICE_VALUE, CURRENCY_ID) VALUES (60, 10.40, 1);
SELECT SEQ_PROCUREMENT_PRICE_ID.NEXTVAL PRICE FROM DUAL;
INSERT INTO PRICE(PRICE_ID, PRICE_VALUE, CURRENCY_ID) VALUES (61, 14.00, 1);
SELECT SEQ_PROCUREMENT_PRICE_ID.NEXTVAL PRICE FROM DUAL;
INSERT INTO PRICE(PRICE_ID, PRICE_VALUE, CURRENCY_ID) VALUES (62, 5.60, 1);
SELECT SEQ_PROCUREMENT_PRICE_ID.NEXTVAL PRICE FROM DUAL;
INSERT INTO PRICE(PRICE_ID, PRICE_VALUE, CURRENCY_ID) VALUES (63, 10.80, 1);
SELECT SEQ_PROCUREMENT_PRICE_ID.NEXTVAL PRICE FROM DUAL;
INSERT INTO PRICE(PRICE_ID, PRICE_VALUE, CURRENCY_ID) VALUES (64, 17.20, 1);

CREATE TABLE SKU_TYPE(
  TYPE_ID NUMBER,
  SKU_NAME VARCHAR(50),
  IS_MANDATORY VARCHAR(1),
  CONSTRAINT PK_SKU_TYPE PRIMARY KEY (TYPE_ID)
);

INSERT INTO SKU_TYPE(TYPE_ID, SKU_NAME, IS_MANDATORY) VALUES (1, 'Brand', 1);
INSERT INTO SKU_TYPE(TYPE_ID, SKU_NAME, IS_MANDATORY) VALUES (2, 'Name', 1);
INSERT INTO SKU_TYPE(TYPE_ID, SKU_NAME, IS_MANDATORY) VALUES (3, 'Price', 1);
INSERT INTO SKU_TYPE(TYPE_ID, SKU_NAME, IS_MANDATORY) VALUES (4, 'Model', 0);
INSERT INTO SKU_TYPE(TYPE_ID, SKU_NAME, IS_MANDATORY) VALUES (5, 'Configuration', 0);
INSERT INTO SKU_TYPE(TYPE_ID, SKU_NAME, IS_MANDATORY) VALUES (6, 'Level', 0);
INSERT INTO SKU_TYPE(TYPE_ID, SKU_NAME, IS_MANDATORY) VALUES (7, 'Color', 0);
INSERT INTO SKU_TYPE(TYPE_ID, SKU_NAME, IS_MANDATORY) VALUES (8, 'Packing Size', 0);
INSERT INTO SKU_TYPE(TYPE_ID, SKU_NAME, IS_MANDATORY) VALUES (9, 'Unit', 0);
INSERT INTO SKU_TYPE(TYPE_ID, SKU_NAME, IS_MANDATORY) VALUES (10, 'Production Date', 0);
INSERT INTO SKU_TYPE(TYPE_ID, SKU_NAME, IS_MANDATORY) VALUES (11, 'Expiring Date', 0);
INSERT INTO SKU_TYPE(TYPE_ID, SKU_NAME, IS_MANDATORY) VALUES (12, 'Guarantee Period', 0);
INSERT INTO SKU_TYPE(TYPE_ID, SKU_NAME, IS_MANDATORY) VALUES (13, 'Usage', 0);
INSERT INTO SKU_TYPE(TYPE_ID, SKU_NAME, IS_MANDATORY) VALUES (14, 'Manufacturer', 0);
INSERT INTO SKU_TYPE(TYPE_ID, SKU_NAME, IS_MANDATORY) VALUES (15, 'Picture', 1);


CREATE TABLE OFFICE_DEPOT(
  ITEM_ID NUMBER,
  CATALOG_ID NUMBER,
  SUPPLIER_ID NUMBER,
  IS_DELETED NUMBER(1),
  CONSTRAINT PK_OFFICE_DEPOT PRIMARY KEY (ITEM_ID),
  CONSTRAINT FK_OFFICE_DEPOT_CATALOG FOREIGN KEY (CATALOG_ID) REFERENCES CATALOG(CATALOG_ID),
  CONSTRAINT FK_OFFICE_DEPOT_SUPPLIER FOREIGN KEY (SUPPLIER_ID) REFERENCES USERS(USER_ID)
);

SELECT SEQ_PROCUREMENT_OFFICE_DEPOT_ID.NEXTVAL OFFICE_DEPOT_ID FROM DUAL;
INSERT INTO OFFICE_DEPOT(ITEM_ID, CATALOG_ID, SUPPLIER_ID, IS_DELETED) VALUES (1, 7, 5, 0);
SELECT SEQ_PROCUREMENT_OFFICE_DEPOT_ID.NEXTVAL OFFICE_DEPOT_ID FROM DUAL;
INSERT INTO OFFICE_DEPOT(ITEM_ID, CATALOG_ID, SUPPLIER_ID, IS_DELETED) VALUES (2, 7, 6, 0);
SELECT SEQ_PROCUREMENT_OFFICE_DEPOT_ID.NEXTVAL OFFICE_DEPOT_ID FROM DUAL;
INSERT INTO OFFICE_DEPOT(ITEM_ID, CATALOG_ID, SUPPLIER_ID, IS_DELETED) VALUES (3, 7, 7, 0);
SELECT SEQ_PROCUREMENT_OFFICE_DEPOT_ID.NEXTVAL OFFICE_DEPOT_ID FROM DUAL;
INSERT INTO OFFICE_DEPOT(ITEM_ID, CATALOG_ID, SUPPLIER_ID, IS_DELETED) VALUES (4, 8, 8, 0);
SELECT SEQ_PROCUREMENT_OFFICE_DEPOT_ID.NEXTVAL OFFICE_DEPOT_ID FROM DUAL;
INSERT INTO OFFICE_DEPOT(ITEM_ID, CATALOG_ID, SUPPLIER_ID, IS_DELETED) VALUES (5, 8, 6, 0);
SELECT SEQ_PROCUREMENT_OFFICE_DEPOT_ID.NEXTVAL OFFICE_DEPOT_ID FROM DUAL;
INSERT INTO OFFICE_DEPOT(ITEM_ID, CATALOG_ID, SUPPLIER_ID, IS_DELETED) VALUES (6, 8, 9, 0);
SELECT SEQ_PROCUREMENT_OFFICE_DEPOT_ID.NEXTVAL OFFICE_DEPOT_ID FROM DUAL;
INSERT INTO OFFICE_DEPOT(ITEM_ID, CATALOG_ID, SUPPLIER_ID, IS_DELETED) VALUES (7, 9, 8, 0);
SELECT SEQ_PROCUREMENT_OFFICE_DEPOT_ID.NEXTVAL OFFICE_DEPOT_ID FROM DUAL;
INSERT INTO OFFICE_DEPOT(ITEM_ID, CATALOG_ID, SUPPLIER_ID, IS_DELETED) VALUES (8, 9, 6, 0);
SELECT SEQ_PROCUREMENT_OFFICE_DEPOT_ID.NEXTVAL OFFICE_DEPOT_ID FROM DUAL;
INSERT INTO OFFICE_DEPOT(ITEM_ID, CATALOG_ID, SUPPLIER_ID, IS_DELETED) VALUES (9, 9, 10, 0);
SELECT SEQ_PROCUREMENT_OFFICE_DEPOT_ID.NEXTVAL OFFICE_DEPOT_ID FROM DUAL;
INSERT INTO OFFICE_DEPOT(ITEM_ID, CATALOG_ID, SUPPLIER_ID, IS_DELETED) VALUES (10, 10, 6, 0);
SELECT SEQ_PROCUREMENT_OFFICE_DEPOT_ID.NEXTVAL OFFICE_DEPOT_ID FROM DUAL;
INSERT INTO OFFICE_DEPOT(ITEM_ID, CATALOG_ID, SUPPLIER_ID, IS_DELETED) VALUES (11, 10, 8, 0);
SELECT SEQ_PROCUREMENT_OFFICE_DEPOT_ID.NEXTVAL OFFICE_DEPOT_ID FROM DUAL;
INSERT INTO OFFICE_DEPOT(ITEM_ID, CATALOG_ID, SUPPLIER_ID, IS_DELETED) VALUES (12, 10, 10, 0);
SELECT SEQ_PROCUREMENT_OFFICE_DEPOT_ID.NEXTVAL OFFICE_DEPOT_ID FROM DUAL;
INSERT INTO OFFICE_DEPOT(ITEM_ID, CATALOG_ID, SUPPLIER_ID, IS_DELETED) VALUES (13, 11, 8, 0);
SELECT SEQ_PROCUREMENT_OFFICE_DEPOT_ID.NEXTVAL OFFICE_DEPOT_ID FROM DUAL;
INSERT INTO OFFICE_DEPOT(ITEM_ID, CATALOG_ID, SUPPLIER_ID, IS_DELETED) VALUES (14, 12, 11, 0);
SELECT SEQ_PROCUREMENT_OFFICE_DEPOT_ID.NEXTVAL OFFICE_DEPOT_ID FROM DUAL;
INSERT INTO OFFICE_DEPOT(ITEM_ID, CATALOG_ID, SUPPLIER_ID, IS_DELETED) VALUES (15, 12, 12, 0);
SELECT SEQ_PROCUREMENT_OFFICE_DEPOT_ID.NEXTVAL OFFICE_DEPOT_ID FROM DUAL;
INSERT INTO OFFICE_DEPOT(ITEM_ID, CATALOG_ID, SUPPLIER_ID, IS_DELETED) VALUES (16, 13, 13, 0);
SELECT SEQ_PROCUREMENT_OFFICE_DEPOT_ID.NEXTVAL OFFICE_DEPOT_ID FROM DUAL;
INSERT INTO OFFICE_DEPOT(ITEM_ID, CATALOG_ID, SUPPLIER_ID, IS_DELETED) VALUES (17, 14, 14, 0);
SELECT SEQ_PROCUREMENT_OFFICE_DEPOT_ID.NEXTVAL OFFICE_DEPOT_ID FROM DUAL;
INSERT INTO OFFICE_DEPOT(ITEM_ID, CATALOG_ID, SUPPLIER_ID, IS_DELETED) VALUES (18, 14, 15, 0);
SELECT SEQ_PROCUREMENT_OFFICE_DEPOT_ID.NEXTVAL OFFICE_DEPOT_ID FROM DUAL;
INSERT INTO OFFICE_DEPOT(ITEM_ID, CATALOG_ID, SUPPLIER_ID, IS_DELETED) VALUES (19, 15, 16, 0);
SELECT SEQ_PROCUREMENT_OFFICE_DEPOT_ID.NEXTVAL OFFICE_DEPOT_ID FROM DUAL;
INSERT INTO OFFICE_DEPOT(ITEM_ID, CATALOG_ID, SUPPLIER_ID, IS_DELETED) VALUES (20, 15, 7, 0);
SELECT SEQ_PROCUREMENT_OFFICE_DEPOT_ID.NEXTVAL OFFICE_DEPOT_ID FROM DUAL;
INSERT INTO OFFICE_DEPOT(ITEM_ID, CATALOG_ID, SUPPLIER_ID, IS_DELETED) VALUES (21, 16, 16, 0);
SELECT SEQ_PROCUREMENT_OFFICE_DEPOT_ID.NEXTVAL OFFICE_DEPOT_ID FROM DUAL;
INSERT INTO OFFICE_DEPOT(ITEM_ID, CATALOG_ID, SUPPLIER_ID, IS_DELETED) VALUES (22, 16, 6, 0);
SELECT SEQ_PROCUREMENT_OFFICE_DEPOT_ID.NEXTVAL OFFICE_DEPOT_ID FROM DUAL;
INSERT INTO OFFICE_DEPOT(ITEM_ID, CATALOG_ID, SUPPLIER_ID, IS_DELETED) VALUES (23, 17, 17, 0);
SELECT SEQ_PROCUREMENT_OFFICE_DEPOT_ID.NEXTVAL OFFICE_DEPOT_ID FROM DUAL;
INSERT INTO OFFICE_DEPOT(ITEM_ID, CATALOG_ID, SUPPLIER_ID, IS_DELETED) VALUES (24, 18, 9, 0);
SELECT SEQ_PROCUREMENT_OFFICE_DEPOT_ID.NEXTVAL OFFICE_DEPOT_ID FROM DUAL;
INSERT INTO OFFICE_DEPOT(ITEM_ID, CATALOG_ID, SUPPLIER_ID, IS_DELETED) VALUES (25, 19, 8, 0);
SELECT SEQ_PROCUREMENT_OFFICE_DEPOT_ID.NEXTVAL OFFICE_DEPOT_ID FROM DUAL;
INSERT INTO OFFICE_DEPOT(ITEM_ID, CATALOG_ID, SUPPLIER_ID, IS_DELETED) VALUES (26, 20, 18, 0);
SELECT SEQ_PROCUREMENT_OFFICE_DEPOT_ID.NEXTVAL OFFICE_DEPOT_ID FROM DUAL;
INSERT INTO OFFICE_DEPOT(ITEM_ID, CATALOG_ID, SUPPLIER_ID, IS_DELETED) VALUES (27, 21, 19, 0);
SELECT SEQ_PROCUREMENT_OFFICE_DEPOT_ID.NEXTVAL OFFICE_DEPOT_ID FROM DUAL;
INSERT INTO OFFICE_DEPOT(ITEM_ID, CATALOG_ID, SUPPLIER_ID, IS_DELETED) VALUES (28, 22, 18, 0);
SELECT SEQ_PROCUREMENT_OFFICE_DEPOT_ID.NEXTVAL OFFICE_DEPOT_ID FROM DUAL;
INSERT INTO OFFICE_DEPOT(ITEM_ID, CATALOG_ID, SUPPLIER_ID, IS_DELETED) VALUES (29, 23, 20, 0);
SELECT SEQ_PROCUREMENT_OFFICE_DEPOT_ID.NEXTVAL OFFICE_DEPOT_ID FROM DUAL;
INSERT INTO OFFICE_DEPOT(ITEM_ID, CATALOG_ID, SUPPLIER_ID, IS_DELETED) VALUES (30, 24, 9, 0);
SELECT SEQ_PROCUREMENT_OFFICE_DEPOT_ID.NEXTVAL OFFICE_DEPOT_ID FROM DUAL;
INSERT INTO OFFICE_DEPOT(ITEM_ID, CATALOG_ID, SUPPLIER_ID, IS_DELETED) VALUES (31, 25, 9, 0);
SELECT SEQ_PROCUREMENT_OFFICE_DEPOT_ID.NEXTVAL OFFICE_DEPOT_ID FROM DUAL;
INSERT INTO OFFICE_DEPOT(ITEM_ID, CATALOG_ID, SUPPLIER_ID, IS_DELETED) VALUES (32, 25, 8, 0);
SELECT SEQ_PROCUREMENT_OFFICE_DEPOT_ID.NEXTVAL OFFICE_DEPOT_ID FROM DUAL;
INSERT INTO OFFICE_DEPOT(ITEM_ID, CATALOG_ID, SUPPLIER_ID, IS_DELETED) VALUES (33, 26, 20, 0);
SELECT SEQ_PROCUREMENT_OFFICE_DEPOT_ID.NEXTVAL OFFICE_DEPOT_ID FROM DUAL;
INSERT INTO OFFICE_DEPOT(ITEM_ID, CATALOG_ID, SUPPLIER_ID, IS_DELETED) VALUES (34, 26, 20, 0);
SELECT SEQ_PROCUREMENT_OFFICE_DEPOT_ID.NEXTVAL OFFICE_DEPOT_ID FROM DUAL;
INSERT INTO OFFICE_DEPOT(ITEM_ID, CATALOG_ID, SUPPLIER_ID, IS_DELETED) VALUES (35, 27, 20, 0);
SELECT SEQ_PROCUREMENT_OFFICE_DEPOT_ID.NEXTVAL OFFICE_DEPOT_ID FROM DUAL;
INSERT INTO OFFICE_DEPOT(ITEM_ID, CATALOG_ID, SUPPLIER_ID, IS_DELETED) VALUES (36, 27, 5, 0);
SELECT SEQ_PROCUREMENT_OFFICE_DEPOT_ID.NEXTVAL OFFICE_DEPOT_ID FROM DUAL;
INSERT INTO OFFICE_DEPOT(ITEM_ID, CATALOG_ID, SUPPLIER_ID, IS_DELETED) VALUES (37, 28, 20, 0);
SELECT SEQ_PROCUREMENT_OFFICE_DEPOT_ID.NEXTVAL OFFICE_DEPOT_ID FROM DUAL;
INSERT INTO OFFICE_DEPOT(ITEM_ID, CATALOG_ID, SUPPLIER_ID, IS_DELETED) VALUES (38, 29, 5, 0);
SELECT SEQ_PROCUREMENT_OFFICE_DEPOT_ID.NEXTVAL OFFICE_DEPOT_ID FROM DUAL;
INSERT INTO OFFICE_DEPOT(ITEM_ID, CATALOG_ID, SUPPLIER_ID, IS_DELETED) VALUES (39, 30, 20, 0);
SELECT SEQ_PROCUREMENT_OFFICE_DEPOT_ID.NEXTVAL OFFICE_DEPOT_ID FROM DUAL;
INSERT INTO OFFICE_DEPOT(ITEM_ID, CATALOG_ID, SUPPLIER_ID, IS_DELETED) VALUES (40, 31, 21, 0);
SELECT SEQ_PROCUREMENT_OFFICE_DEPOT_ID.NEXTVAL OFFICE_DEPOT_ID FROM DUAL;
INSERT INTO OFFICE_DEPOT(ITEM_ID, CATALOG_ID, SUPPLIER_ID, IS_DELETED) VALUES (41, 31, 22, 0);
SELECT SEQ_PROCUREMENT_OFFICE_DEPOT_ID.NEXTVAL OFFICE_DEPOT_ID FROM DUAL;
INSERT INTO OFFICE_DEPOT(ITEM_ID, CATALOG_ID, SUPPLIER_ID, IS_DELETED) VALUES (42, 32, 23, 0);
SELECT SEQ_PROCUREMENT_OFFICE_DEPOT_ID.NEXTVAL OFFICE_DEPOT_ID FROM DUAL;
INSERT INTO OFFICE_DEPOT(ITEM_ID, CATALOG_ID, SUPPLIER_ID, IS_DELETED) VALUES (43, 32, 24, 0);
SELECT SEQ_PROCUREMENT_OFFICE_DEPOT_ID.NEXTVAL OFFICE_DEPOT_ID FROM DUAL;
INSERT INTO OFFICE_DEPOT(ITEM_ID, CATALOG_ID, SUPPLIER_ID, IS_DELETED) VALUES (44, 33, 21, 0);
SELECT SEQ_PROCUREMENT_OFFICE_DEPOT_ID.NEXTVAL OFFICE_DEPOT_ID FROM DUAL;
INSERT INTO OFFICE_DEPOT(ITEM_ID, CATALOG_ID, SUPPLIER_ID, IS_DELETED) VALUES (45, 34, 25, 0);
SELECT SEQ_PROCUREMENT_OFFICE_DEPOT_ID.NEXTVAL OFFICE_DEPOT_ID FROM DUAL;
INSERT INTO OFFICE_DEPOT(ITEM_ID, CATALOG_ID, SUPPLIER_ID, IS_DELETED) VALUES (46, 34, 26, 0);
SELECT SEQ_PROCUREMENT_OFFICE_DEPOT_ID.NEXTVAL OFFICE_DEPOT_ID FROM DUAL;
INSERT INTO OFFICE_DEPOT(ITEM_ID, CATALOG_ID, SUPPLIER_ID, IS_DELETED) VALUES (47, 35, 26, 0);
SELECT SEQ_PROCUREMENT_OFFICE_DEPOT_ID.NEXTVAL OFFICE_DEPOT_ID FROM DUAL;
INSERT INTO OFFICE_DEPOT(ITEM_ID, CATALOG_ID, SUPPLIER_ID, IS_DELETED) VALUES (48, 36, 26, 0);
SELECT SEQ_PROCUREMENT_OFFICE_DEPOT_ID.NEXTVAL OFFICE_DEPOT_ID FROM DUAL;
INSERT INTO OFFICE_DEPOT(ITEM_ID, CATALOG_ID, SUPPLIER_ID, IS_DELETED) VALUES (49, 37, 26, 0);
SELECT SEQ_PROCUREMENT_OFFICE_DEPOT_ID.NEXTVAL OFFICE_DEPOT_ID FROM DUAL;
INSERT INTO OFFICE_DEPOT(ITEM_ID, CATALOG_ID, SUPPLIER_ID, IS_DELETED) VALUES (50, 38, 26, 0);
SELECT SEQ_PROCUREMENT_OFFICE_DEPOT_ID.NEXTVAL OFFICE_DEPOT_ID FROM DUAL;
INSERT INTO OFFICE_DEPOT(ITEM_ID, CATALOG_ID, SUPPLIER_ID, IS_DELETED) VALUES (51, 39, 22, 0);
SELECT SEQ_PROCUREMENT_OFFICE_DEPOT_ID.NEXTVAL OFFICE_DEPOT_ID FROM DUAL;
INSERT INTO OFFICE_DEPOT(ITEM_ID, CATALOG_ID, SUPPLIER_ID, IS_DELETED) VALUES (52, 39, 21, 0);
SELECT SEQ_PROCUREMENT_OFFICE_DEPOT_ID.NEXTVAL OFFICE_DEPOT_ID FROM DUAL;
INSERT INTO OFFICE_DEPOT(ITEM_ID, CATALOG_ID, SUPPLIER_ID, IS_DELETED) VALUES (53, 40, 26, 0);
SELECT SEQ_PROCUREMENT_OFFICE_DEPOT_ID.NEXTVAL OFFICE_DEPOT_ID FROM DUAL;
INSERT INTO OFFICE_DEPOT(ITEM_ID, CATALOG_ID, SUPPLIER_ID, IS_DELETED) VALUES (54, 41, 27, 0);
SELECT SEQ_PROCUREMENT_OFFICE_DEPOT_ID.NEXTVAL OFFICE_DEPOT_ID FROM DUAL;
INSERT INTO OFFICE_DEPOT(ITEM_ID, CATALOG_ID, SUPPLIER_ID, IS_DELETED) VALUES (55, 42, 28, 0);
SELECT SEQ_PROCUREMENT_OFFICE_DEPOT_ID.NEXTVAL OFFICE_DEPOT_ID FROM DUAL;
INSERT INTO OFFICE_DEPOT(ITEM_ID, CATALOG_ID, SUPPLIER_ID, IS_DELETED) VALUES (56, 42, 26, 0);
SELECT SEQ_PROCUREMENT_OFFICE_DEPOT_ID.NEXTVAL OFFICE_DEPOT_ID FROM DUAL;
INSERT INTO OFFICE_DEPOT(ITEM_ID, CATALOG_ID, SUPPLIER_ID, IS_DELETED) VALUES (57, 43, 29, 0);
SELECT SEQ_PROCUREMENT_OFFICE_DEPOT_ID.NEXTVAL OFFICE_DEPOT_ID FROM DUAL;
INSERT INTO OFFICE_DEPOT(ITEM_ID, CATALOG_ID, SUPPLIER_ID, IS_DELETED) VALUES (58, 43, 26, 0);
SELECT SEQ_PROCUREMENT_OFFICE_DEPOT_ID.NEXTVAL OFFICE_DEPOT_ID FROM DUAL;
INSERT INTO OFFICE_DEPOT(ITEM_ID, CATALOG_ID, SUPPLIER_ID, IS_DELETED) VALUES (59, 44, 28, 0);
SELECT SEQ_PROCUREMENT_OFFICE_DEPOT_ID.NEXTVAL OFFICE_DEPOT_ID FROM DUAL;
INSERT INTO OFFICE_DEPOT(ITEM_ID, CATALOG_ID, SUPPLIER_ID, IS_DELETED) VALUES (60, 44, 26, 0);
SELECT SEQ_PROCUREMENT_OFFICE_DEPOT_ID.NEXTVAL OFFICE_DEPOT_ID FROM DUAL;
INSERT INTO OFFICE_DEPOT(ITEM_ID, CATALOG_ID, SUPPLIER_ID, IS_DELETED) VALUES (61, 45, 26, 0);
SELECT SEQ_PROCUREMENT_OFFICE_DEPOT_ID.NEXTVAL OFFICE_DEPOT_ID FROM DUAL;
INSERT INTO OFFICE_DEPOT(ITEM_ID, CATALOG_ID, SUPPLIER_ID, IS_DELETED) VALUES (62, 45, 26, 0);
SELECT SEQ_PROCUREMENT_OFFICE_DEPOT_ID.NEXTVAL OFFICE_DEPOT_ID FROM DUAL;
INSERT INTO OFFICE_DEPOT(ITEM_ID, CATALOG_ID, SUPPLIER_ID, IS_DELETED) VALUES (63, 46, 26, 0);
SELECT SEQ_PROCUREMENT_OFFICE_DEPOT_ID.NEXTVAL OFFICE_DEPOT_ID FROM DUAL;
INSERT INTO OFFICE_DEPOT(ITEM_ID, CATALOG_ID, SUPPLIER_ID, IS_DELETED) VALUES (64, 46, 26, 0);

CREATE TABLE SKU(
  SKU_ID NUMBER,
  OFFICE_DEPOT_ID NUMBER,
  SKU_TYPE_ID NUMBER,
  SKU_VALUE VARCHAR(100),
  IS_DELETED NUMBER(1),
  CONSTRAINT PK_SKU PRIMARY KEY (SKU_ID),
  CONSTRAINT FK_SKU_OFFICE_DEPOT FOREIGN KEY (OFFICE_DEPOT_ID) REFERENCES OFFICE_DEPOT(ITEM_ID),
  CONSTRAINT FK_SKU_SKU_TYPE FOREIGN KEY (SKU_TYPE_ID) REFERENCES SKU_TYPE(TYPE_ID)
);
SELECT SEQ_PROCUREMENT_SKU_ID.NEXTVAL SKU_ID FROM DUAL;
INSERT INTO SKU(SKU_ID, OFFICE_DEPOT_ID, SKU_TYPE_ID, SKU_VALUE, IS_DELETED) VALUES (1, 1, 1, 'Huawei', 0);
SELECT SEQ_PROCUREMENT_SKU_ID.NEXTVAL SKU_ID FROM DUAL;
INSERT INTO SKU(SKU_ID, OFFICE_DEPOT_ID, SKU_TYPE_ID, SKU_VALUE, IS_DELETED) VALUES (2, 1, 2, 'Honor Note WIFI Tablet PC 16G', 0);
SELECT SEQ_PROCUREMENT_SKU_ID.NEXTVAL SKU_ID FROM DUAL;
INSERT INTO SKU(SKU_ID, OFFICE_DEPOT_ID, SKU_TYPE_ID, SKU_VALUE, IS_DELETED) VALUES (3, 1, 3, '1', 0);
SELECT SEQ_PROCUREMENT_SKU_ID.NEXTVAL SKU_ID FROM DUAL;
INSERT INTO SKU(SKU_ID, OFFICE_DEPOT_ID, SKU_TYPE_ID, SKU_VALUE, IS_DELETED) VALUES (4, 1, 15, '/images/7_default.jpg', 0);
SELECT SEQ_PROCUREMENT_SKU_ID.NEXTVAL SKU_ID FROM DUAL;
INSERT INTO SKU(SKU_ID, OFFICE_DEPOT_ID, SKU_TYPE_ID, SKU_VALUE, IS_DELETED) VALUES (5, 2, 1, 'Apple', 0);
SELECT SEQ_PROCUREMENT_SKU_ID.NEXTVAL SKU_ID FROM DUAL;
INSERT INTO SKU(SKU_ID, OFFICE_DEPOT_ID, SKU_TYPE_ID, SKU_VALUE, IS_DELETED) VALUES (6, 2, 2, 'iPad Mini4 WiFi 128G Golden MK9Q2CH/A 7.9-inch Retina Tablet PC', 0);
SELECT SEQ_PROCUREMENT_SKU_ID.NEXTVAL SKU_ID FROM DUAL;
INSERT INTO SKU(SKU_ID, OFFICE_DEPOT_ID, SKU_TYPE_ID, SKU_VALUE, IS_DELETED) VALUES (7, 2, 3, '2', 0);
SELECT SEQ_PROCUREMENT_SKU_ID.NEXTVAL SKU_ID FROM DUAL;
INSERT INTO SKU(SKU_ID, OFFICE_DEPOT_ID, SKU_TYPE_ID, SKU_VALUE, IS_DELETED) VALUES (8, 2, 15, '/images/7_default.jpg', 0);
SELECT SEQ_PROCUREMENT_SKU_ID.NEXTVAL SKU_ID FROM DUAL;
INSERT INTO SKU(SKU_ID, OFFICE_DEPOT_ID, SKU_TYPE_ID, SKU_VALUE, IS_DELETED) VALUES (9, 3, 1, 'Microsoft', 0);
SELECT SEQ_PROCUREMENT_SKU_ID.NEXTVAL SKU_ID FROM DUAL;
INSERT INTO SKU(SKU_ID, OFFICE_DEPOT_ID, SKU_TYPE_ID, SKU_VALUE, IS_DELETED) VALUES (10, 3, 2, 'Surface Pro 4 12.3-inch Tablet PC - Core I5/8GB/256GB/win10', 0);
SELECT SEQ_PROCUREMENT_SKU_ID.NEXTVAL SKU_ID FROM DUAL;
INSERT INTO SKU(SKU_ID, OFFICE_DEPOT_ID, SKU_TYPE_ID, SKU_VALUE, IS_DELETED) VALUES (11, 3, 3, '3', 0);
SELECT SEQ_PROCUREMENT_SKU_ID.NEXTVAL SKU_ID FROM DUAL;
INSERT INTO SKU(SKU_ID, OFFICE_DEPOT_ID, SKU_TYPE_ID, SKU_VALUE, IS_DELETED) VALUES (12, 3, 15, '/images/7_default.jpg', 0);
SELECT SEQ_PROCUREMENT_SKU_ID.NEXTVAL SKU_ID FROM DUAL;
INSERT INTO SKU(SKU_ID, OFFICE_DEPOT_ID, SKU_TYPE_ID, SKU_VALUE, IS_DELETED) VALUES (13, 4, 1, 'Dell', 0);
SELECT SEQ_PROCUREMENT_SKU_ID.NEXTVAL SKU_ID FROM DUAL;
INSERT INTO SKU(SKU_ID, OFFICE_DEPOT_ID, SKU_TYPE_ID, SKU_VALUE, IS_DELETED) VALUES (14, 4, 2, 'DELL 15ER-4725B 15.6-inch Laptop black-i7-7500U/4G/1TB/R5M315', 0);
SELECT SEQ_PROCUREMENT_SKU_ID.NEXTVAL SKU_ID FROM DUAL;
INSERT INTO SKU(SKU_ID, OFFICE_DEPOT_ID, SKU_TYPE_ID, SKU_VALUE, IS_DELETED) VALUES (15, 4, 3, '4', 0);
SELECT SEQ_PROCUREMENT_SKU_ID.NEXTVAL SKU_ID FROM DUAL;
INSERT INTO SKU(SKU_ID, OFFICE_DEPOT_ID, SKU_TYPE_ID, SKU_VALUE, IS_DELETED) VALUES (16, 4, 15, '/images/8_default.jpg', 0);
SELECT SEQ_PROCUREMENT_SKU_ID.NEXTVAL SKU_ID FROM DUAL;
INSERT INTO SKU(SKU_ID, OFFICE_DEPOT_ID, SKU_TYPE_ID, SKU_VALUE, IS_DELETED) VALUES (17, 5, 1, 'Apple', 0);
SELECT SEQ_PROCUREMENT_SKU_ID.NEXTVAL SKU_ID FROM DUAL;
INSERT INTO SKU(SKU_ID, OFFICE_DEPOT_ID, SKU_TYPE_ID, SKU_VALUE, IS_DELETED) VALUES (18, 5, 2, 'Apple MacBook Pro MLUQ2CH/A 13.3-inch Silver Laptop -2.0GHz Intel Core i5 8GB/256GB', 0);
SELECT SEQ_PROCUREMENT_SKU_ID.NEXTVAL SKU_ID FROM DUAL;
INSERT INTO SKU(SKU_ID, OFFICE_DEPOT_ID, SKU_TYPE_ID, SKU_VALUE, IS_DELETED) VALUES (19, 5, 3, '5', 0);
SELECT SEQ_PROCUREMENT_SKU_ID.NEXTVAL SKU_ID FROM DUAL;
INSERT INTO SKU(SKU_ID, OFFICE_DEPOT_ID, SKU_TYPE_ID, SKU_VALUE, IS_DELETED) VALUES (20, 5, 15, '/images/8_default.jpg', 0);
SELECT SEQ_PROCUREMENT_SKU_ID.NEXTVAL SKU_ID FROM DUAL;
INSERT INTO SKU(SKU_ID, OFFICE_DEPOT_ID, SKU_TYPE_ID, SKU_VALUE, IS_DELETED) VALUES (21, 6, 1, 'Thinkpad', 0);
SELECT SEQ_PROCUREMENT_SKU_ID.NEXTVAL SKU_ID FROM DUAL;
INSERT INTO SKU(SKU_ID, OFFICE_DEPOT_ID, SKU_TYPE_ID, SKU_VALUE, IS_DELETED) VALUES (22, 6, 2, 'ThinkPad T460p 20FWA00NCD（22CD）(2UCD) I5-6300HQ T460P-2UCD i5-6300HQ 4G 128G+500G', 0);
SELECT SEQ_PROCUREMENT_SKU_ID.NEXTVAL SKU_ID FROM DUAL;
INSERT INTO SKU(SKU_ID, OFFICE_DEPOT_ID, SKU_TYPE_ID, SKU_VALUE, IS_DELETED) VALUES (23, 6, 3, '6', 0);
SELECT SEQ_PROCUREMENT_SKU_ID.NEXTVAL SKU_ID FROM DUAL;
INSERT INTO SKU(SKU_ID, OFFICE_DEPOT_ID, SKU_TYPE_ID, SKU_VALUE, IS_DELETED) VALUES (24, 6, 15, '/images/8_default.jpg', 0);
SELECT SEQ_PROCUREMENT_SKU_ID.NEXTVAL SKU_ID FROM DUAL;
INSERT INTO SKU(SKU_ID, OFFICE_DEPOT_ID, SKU_TYPE_ID, SKU_VALUE, IS_DELETED) VALUES (25, 7, 1, 'Dell', 0);
SELECT SEQ_PROCUREMENT_SKU_ID.NEXTVAL SKU_ID FROM DUAL;
INSERT INTO SKU(SKU_ID, OFFICE_DEPOT_ID, SKU_TYPE_ID, SKU_VALUE, IS_DELETED) VALUES (26, 7, 2, 'DELL Vostro5460-1408 23.8-inch All-in-one BlueTooth WiFi (i3-6100T 4G 1T)', 0);
SELECT SEQ_PROCUREMENT_SKU_ID.NEXTVAL SKU_ID FROM DUAL;
INSERT INTO SKU(SKU_ID, OFFICE_DEPOT_ID, SKU_TYPE_ID, SKU_VALUE, IS_DELETED) VALUES (27, 7, 3, '7', 0);
SELECT SEQ_PROCUREMENT_SKU_ID.NEXTVAL SKU_ID FROM DUAL;
INSERT INTO SKU(SKU_ID, OFFICE_DEPOT_ID, SKU_TYPE_ID, SKU_VALUE, IS_DELETED) VALUES (28, 7, 15, '/images/9_default.jpg', 0);
SELECT SEQ_PROCUREMENT_SKU_ID.NEXTVAL SKU_ID FROM DUAL;
INSERT INTO SKU(SKU_ID, OFFICE_DEPOT_ID, SKU_TYPE_ID, SKU_VALUE, IS_DELETED) VALUES (29, 8, 1, 'Apple', 0);
SELECT SEQ_PROCUREMENT_SKU_ID.NEXTVAL SKU_ID FROM DUAL;
INSERT INTO SKU(SKU_ID, OFFICE_DEPOT_ID, SKU_TYPE_ID, SKU_VALUE, IS_DELETED) VALUES (30, 8, 2, 'Apple iMac MK142CH/A 21.5-inch All-in-one i5-1.6GHZ/8GB/1TB/Intel HD Graphics 6000', 0);
SELECT SEQ_PROCUREMENT_SKU_ID.NEXTVAL SKU_ID FROM DUAL;
INSERT INTO SKU(SKU_ID, OFFICE_DEPOT_ID, SKU_TYPE_ID, SKU_VALUE, IS_DELETED) VALUES (31, 8, 3, '8', 0);
SELECT SEQ_PROCUREMENT_SKU_ID.NEXTVAL SKU_ID FROM DUAL;
INSERT INTO SKU(SKU_ID, OFFICE_DEPOT_ID, SKU_TYPE_ID, SKU_VALUE, IS_DELETED) VALUES (32, 8, 15, '/images/9_default.jpg', 0);
SELECT SEQ_PROCUREMENT_SKU_ID.NEXTVAL SKU_ID FROM DUAL;
INSERT INTO SKU(SKU_ID, OFFICE_DEPOT_ID, SKU_TYPE_ID, SKU_VALUE, IS_DELETED) VALUES (33, 9, 1, 'Lenovo', 0);
SELECT SEQ_PROCUREMENT_SKU_ID.NEXTVAL SKU_ID FROM DUAL;
INSERT INTO SKU(SKU_ID, OFFICE_DEPOT_ID, SKU_TYPE_ID, SKU_VALUE, IS_DELETED) VALUES (34, 9, 2, 'Lenovo AIO700-22 21.5-inch All-in-one i3-6100T 4GMemory 1T GT930 2G', 0);
SELECT SEQ_PROCUREMENT_SKU_ID.NEXTVAL SKU_ID FROM DUAL;
INSERT INTO SKU(SKU_ID, OFFICE_DEPOT_ID, SKU_TYPE_ID, SKU_VALUE, IS_DELETED) VALUES (35, 9, 3, '9', 0);
SELECT SEQ_PROCUREMENT_SKU_ID.NEXTVAL SKU_ID FROM DUAL;
INSERT INTO SKU(SKU_ID, OFFICE_DEPOT_ID, SKU_TYPE_ID, SKU_VALUE, IS_DELETED) VALUES (36, 9, 15, '/images/9_default.jpg', 0);
SELECT SEQ_PROCUREMENT_SKU_ID.NEXTVAL SKU_ID FROM DUAL;
INSERT INTO SKU(SKU_ID, OFFICE_DEPOT_ID, SKU_TYPE_ID, SKU_VALUE, IS_DELETED) VALUES (37, 10, 1, 'Apple', 0);
SELECT SEQ_PROCUREMENT_SKU_ID.NEXTVAL SKU_ID FROM DUAL;
INSERT INTO SKU(SKU_ID, OFFICE_DEPOT_ID, SKU_TYPE_ID, SKU_VALUE, IS_DELETED) VALUES (38, 10, 2, 'Apple Mac mini MGEM2CH/A - i5-1.4GHz 4G 500GB Intel HD Graphics 5000', 0);
SELECT SEQ_PROCUREMENT_SKU_ID.NEXTVAL SKU_ID FROM DUAL;
INSERT INTO SKU(SKU_ID, OFFICE_DEPOT_ID, SKU_TYPE_ID, SKU_VALUE, IS_DELETED) VALUES (39, 10, 3, '10', 0);
SELECT SEQ_PROCUREMENT_SKU_ID.NEXTVAL SKU_ID FROM DUAL;
INSERT INTO SKU(SKU_ID, OFFICE_DEPOT_ID, SKU_TYPE_ID, SKU_VALUE, IS_DELETED) VALUES (40, 10, 15, '/images/10_default.jpg', 0);
SELECT SEQ_PROCUREMENT_SKU_ID.NEXTVAL SKU_ID FROM DUAL;
INSERT INTO SKU(SKU_ID, OFFICE_DEPOT_ID, SKU_TYPE_ID, SKU_VALUE, IS_DELETED) VALUES (41, 11, 1, 'Dell', 0);
SELECT SEQ_PROCUREMENT_SKU_ID.NEXTVAL SKU_ID FROM DUAL;
INSERT INTO SKU(SKU_ID, OFFICE_DEPOT_ID, SKU_TYPE_ID, SKU_VALUE, IS_DELETED) VALUES (42, 11, 2, 'DELL Vostro 3653-R14N8 (i5-6400 4G 500G DVD WIFI Win10)', 0);
SELECT SEQ_PROCUREMENT_SKU_ID.NEXTVAL SKU_ID FROM DUAL;
INSERT INTO SKU(SKU_ID, OFFICE_DEPOT_ID, SKU_TYPE_ID, SKU_VALUE, IS_DELETED) VALUES (43, 11, 3, '11', 0);
SELECT SEQ_PROCUREMENT_SKU_ID.NEXTVAL SKU_ID FROM DUAL;
INSERT INTO SKU(SKU_ID, OFFICE_DEPOT_ID, SKU_TYPE_ID, SKU_VALUE, IS_DELETED) VALUES (44, 11, 15, '/images/10_default.jpg', 0);
SELECT SEQ_PROCUREMENT_SKU_ID.NEXTVAL SKU_ID FROM DUAL;
INSERT INTO SKU(SKU_ID, OFFICE_DEPOT_ID, SKU_TYPE_ID, SKU_VALUE, IS_DELETED) VALUES (45, 12, 1, 'Lenovo', 0);
SELECT SEQ_PROCUREMENT_SKU_ID.NEXTVAL SKU_ID FROM DUAL;
INSERT INTO SKU(SKU_ID, OFFICE_DEPOT_ID, SKU_TYPE_ID, SKU_VALUE, IS_DELETED) VALUES (46, 12, 2, 'Lenovo Y900 I7-6700K 16G 2T+256G SSD DVD GTX970 4G Win10', 0);
SELECT SEQ_PROCUREMENT_SKU_ID.NEXTVAL SKU_ID FROM DUAL;
INSERT INTO SKU(SKU_ID, OFFICE_DEPOT_ID, SKU_TYPE_ID, SKU_VALUE, IS_DELETED) VALUES (47, 12, 3, '12', 0);
SELECT SEQ_PROCUREMENT_SKU_ID.NEXTVAL SKU_ID FROM DUAL;
INSERT INTO SKU(SKU_ID, OFFICE_DEPOT_ID, SKU_TYPE_ID, SKU_VALUE, IS_DELETED) VALUES (48, 12, 15, '/images/10_default.jpg', 0);
SELECT SEQ_PROCUREMENT_SKU_ID.NEXTVAL SKU_ID FROM DUAL;
INSERT INTO SKU(SKU_ID, OFFICE_DEPOT_ID, SKU_TYPE_ID, SKU_VALUE, IS_DELETED) VALUES (49, 13, 1, 'Dell', 0);
SELECT SEQ_PROCUREMENT_SKU_ID.NEXTVAL SKU_ID FROM DUAL;
INSERT INTO SKU(SKU_ID, OFFICE_DEPOT_ID, SKU_TYPE_ID, SKU_VALUE, IS_DELETED) VALUES (50, 13, 2, 'DELL Vostro14-5459R-1528GG 14-inch Laptop i5-6200U/4G/500G/GT930M Win10', 0);
SELECT SEQ_PROCUREMENT_SKU_ID.NEXTVAL SKU_ID FROM DUAL;
INSERT INTO SKU(SKU_ID, OFFICE_DEPOT_ID, SKU_TYPE_ID, SKU_VALUE, IS_DELETED) VALUES (51, 13, 3, '13', 0);
SELECT SEQ_PROCUREMENT_SKU_ID.NEXTVAL SKU_ID FROM DUAL;
INSERT INTO SKU(SKU_ID, OFFICE_DEPOT_ID, SKU_TYPE_ID, SKU_VALUE, IS_DELETED) VALUES (52, 13, 15, '/images/11_default.jpg', 0);
SELECT SEQ_PROCUREMENT_SKU_ID.NEXTVAL SKU_ID FROM DUAL;
INSERT INTO SKU(SKU_ID, OFFICE_DEPOT_ID, SKU_TYPE_ID, SKU_VALUE, IS_DELETED) VALUES (53, 14, 1, 'Western Digital', 0);
SELECT SEQ_PROCUREMENT_SKU_ID.NEXTVAL SKU_ID FROM DUAL;
INSERT INTO SKU(SKU_ID, OFFICE_DEPOT_ID, SKU_TYPE_ID, SKU_VALUE, IS_DELETED) VALUES (54, 14, 2, 'WD Elements 1TB USB3.0 2.5-inch Black', 0);
SELECT SEQ_PROCUREMENT_SKU_ID.NEXTVAL SKU_ID FROM DUAL;
INSERT INTO SKU(SKU_ID, OFFICE_DEPOT_ID, SKU_TYPE_ID, SKU_VALUE, IS_DELETED) VALUES (55, 14, 3, '14', 0);
SELECT SEQ_PROCUREMENT_SKU_ID.NEXTVAL SKU_ID FROM DUAL;
INSERT INTO SKU(SKU_ID, OFFICE_DEPOT_ID, SKU_TYPE_ID, SKU_VALUE, IS_DELETED) VALUES (56, 14, 15, '/images/12_default.jpg', 0);
SELECT SEQ_PROCUREMENT_SKU_ID.NEXTVAL SKU_ID FROM DUAL;
INSERT INTO SKU(SKU_ID, OFFICE_DEPOT_ID, SKU_TYPE_ID, SKU_VALUE, IS_DELETED) VALUES (57, 15, 1, 'Seagate', 0);
SELECT SEQ_PROCUREMENT_SKU_ID.NEXTVAL SKU_ID FROM DUAL;
INSERT INTO SKU(SKU_ID, OFFICE_DEPOT_ID, SKU_TYPE_ID, SKU_VALUE, IS_DELETED) VALUES (58, 15, 2, 'Seagate 睿翼升级版 2.5-inch 2TB USB3.0 Classical black', 0);
SELECT SEQ_PROCUREMENT_SKU_ID.NEXTVAL SKU_ID FROM DUAL;
INSERT INTO SKU(SKU_ID, OFFICE_DEPOT_ID, SKU_TYPE_ID, SKU_VALUE, IS_DELETED) VALUES (59, 15, 3, '15', 0);
SELECT SEQ_PROCUREMENT_SKU_ID.NEXTVAL SKU_ID FROM DUAL;
INSERT INTO SKU(SKU_ID, OFFICE_DEPOT_ID, SKU_TYPE_ID, SKU_VALUE, IS_DELETED) VALUES (60, 15, 15, '/images/12_default.jpg', 0);
SELECT SEQ_PROCUREMENT_SKU_ID.NEXTVAL SKU_ID FROM DUAL;
INSERT INTO SKU(SKU_ID, OFFICE_DEPOT_ID, SKU_TYPE_ID, SKU_VALUE, IS_DELETED) VALUES (61, 16, 1, 'Seagate', 0);
SELECT SEQ_PROCUREMENT_SKU_ID.NEXTVAL SKU_ID FROM DUAL;
INSERT INTO SKU(SKU_ID, OFFICE_DEPOT_ID, SKU_TYPE_ID, SKU_VALUE, IS_DELETED) VALUES (62, 16, 2, 'Seagate 睿翼升级版 2.5-inch 2TB USB3.0 Classical black', 0);
SELECT SEQ_PROCUREMENT_SKU_ID.NEXTVAL SKU_ID FROM DUAL;
INSERT INTO SKU(SKU_ID, OFFICE_DEPOT_ID, SKU_TYPE_ID, SKU_VALUE, IS_DELETED) VALUES (63, 16, 3, '16', 0);
SELECT SEQ_PROCUREMENT_SKU_ID.NEXTVAL SKU_ID FROM DUAL;
INSERT INTO SKU(SKU_ID, OFFICE_DEPOT_ID, SKU_TYPE_ID, SKU_VALUE, IS_DELETED) VALUES (64, 16, 15, '/images/13_default.jpg', 0);
SELECT SEQ_PROCUREMENT_SKU_ID.NEXTVAL SKU_ID FROM DUAL;
INSERT INTO SKU(SKU_ID, OFFICE_DEPOT_ID, SKU_TYPE_ID, SKU_VALUE, IS_DELETED) VALUES (65, 17, 1, 'Kingston', 0);
SELECT SEQ_PROCUREMENT_SKU_ID.NEXTVAL SKU_ID FROM DUAL;
INSERT INTO SKU(SKU_ID, OFFICE_DEPOT_ID, SKU_TYPE_ID, SKU_VALUE, IS_DELETED) VALUES (66, 17, 2, 'Kingston DT100G3 64G USB3.0 Black', 0);
SELECT SEQ_PROCUREMENT_SKU_ID.NEXTVAL SKU_ID FROM DUAL;
INSERT INTO SKU(SKU_ID, OFFICE_DEPOT_ID, SKU_TYPE_ID, SKU_VALUE, IS_DELETED) VALUES (67, 17, 3, '17', 0);
SELECT SEQ_PROCUREMENT_SKU_ID.NEXTVAL SKU_ID FROM DUAL;
INSERT INTO SKU(SKU_ID, OFFICE_DEPOT_ID, SKU_TYPE_ID, SKU_VALUE, IS_DELETED) VALUES (68, 17, 15, '/images/14_default.jpg', 0);
SELECT SEQ_PROCUREMENT_SKU_ID.NEXTVAL SKU_ID FROM DUAL;
INSERT INTO SKU(SKU_ID, OFFICE_DEPOT_ID, SKU_TYPE_ID, SKU_VALUE, IS_DELETED) VALUES (69, 18, 1, 'Teclast', 0);
SELECT SEQ_PROCUREMENT_SKU_ID.NEXTVAL SKU_ID FROM DUAL;
INSERT INTO SKU(SKU_ID, OFFICE_DEPOT_ID, SKU_TYPE_ID, SKU_VALUE, IS_DELETED) VALUES (70, 18, 2, 'Teclast MFI认证 iPhone和iPad双接口手机电脑用 USB3.0 玫瑰金 64GB 苹果手机U盘', 0);
SELECT SEQ_PROCUREMENT_SKU_ID.NEXTVAL SKU_ID FROM DUAL;
INSERT INTO SKU(SKU_ID, OFFICE_DEPOT_ID, SKU_TYPE_ID, SKU_VALUE, IS_DELETED) VALUES (71, 18, 3, '18', 0);
SELECT SEQ_PROCUREMENT_SKU_ID.NEXTVAL SKU_ID FROM DUAL;
INSERT INTO SKU(SKU_ID, OFFICE_DEPOT_ID, SKU_TYPE_ID, SKU_VALUE, IS_DELETED) VALUES (72, 18, 15, '/images/14_default.jpg', 0);
SELECT SEQ_PROCUREMENT_SKU_ID.NEXTVAL SKU_ID FROM DUAL;
INSERT INTO SKU(SKU_ID, OFFICE_DEPOT_ID, SKU_TYPE_ID, SKU_VALUE, IS_DELETED) VALUES (73, 19, 1, 'LogiTech', 0);
SELECT SEQ_PROCUREMENT_SKU_ID.NEXTVAL SKU_ID FROM DUAL;
INSERT INTO SKU(SKU_ID, OFFICE_DEPOT_ID, SKU_TYPE_ID, SKU_VALUE, IS_DELETED) VALUES (74, 19, 2, 'Logitech Wireless Mouse M275 Black', 0);
SELECT SEQ_PROCUREMENT_SKU_ID.NEXTVAL SKU_ID FROM DUAL;
INSERT INTO SKU(SKU_ID, OFFICE_DEPOT_ID, SKU_TYPE_ID, SKU_VALUE, IS_DELETED) VALUES (75, 19, 3, '19', 0);
SELECT SEQ_PROCUREMENT_SKU_ID.NEXTVAL SKU_ID FROM DUAL;
INSERT INTO SKU(SKU_ID, OFFICE_DEPOT_ID, SKU_TYPE_ID, SKU_VALUE, IS_DELETED) VALUES (76, 19, 15, '/images/15_default_1.jpg', 0);
SELECT SEQ_PROCUREMENT_SKU_ID.NEXTVAL SKU_ID FROM DUAL;
INSERT INTO SKU(SKU_ID, OFFICE_DEPOT_ID, SKU_TYPE_ID, SKU_VALUE, IS_DELETED) VALUES (77, 20, 1, 'Microsoft', 0);
SELECT SEQ_PROCUREMENT_SKU_ID.NEXTVAL SKU_ID FROM DUAL;
INSERT INTO SKU(SKU_ID, OFFICE_DEPOT_ID, SKU_TYPE_ID, SKU_VALUE, IS_DELETED) VALUES (78, 20, 2, 'Microsoft 微软 无线鼠标 Arc Touch 折叠 蓝牙版 灰色', 0);
SELECT SEQ_PROCUREMENT_SKU_ID.NEXTVAL SKU_ID FROM DUAL;
INSERT INTO SKU(SKU_ID, OFFICE_DEPOT_ID, SKU_TYPE_ID, SKU_VALUE, IS_DELETED) VALUES (79, 20, 3, '20', 0);
SELECT SEQ_PROCUREMENT_SKU_ID.NEXTVAL SKU_ID FROM DUAL;
INSERT INTO SKU(SKU_ID, OFFICE_DEPOT_ID, SKU_TYPE_ID, SKU_VALUE, IS_DELETED) VALUES (80, 20, 15, '/images/15_default_2.jpg', 0);
SELECT SEQ_PROCUREMENT_SKU_ID.NEXTVAL SKU_ID FROM DUAL;
INSERT INTO SKU(SKU_ID, OFFICE_DEPOT_ID, SKU_TYPE_ID, SKU_VALUE, IS_DELETED) VALUES (81, 21, 1, 'LogiTech', 0);
SELECT SEQ_PROCUREMENT_SKU_ID.NEXTVAL SKU_ID FROM DUAL;
INSERT INTO SKU(SKU_ID, OFFICE_DEPOT_ID, SKU_TYPE_ID, SKU_VALUE, IS_DELETED) VALUES (82, 21, 2, 'Logitech K375s Multi-Devices Wireless BlueTooth Keyboard', 0);
SELECT SEQ_PROCUREMENT_SKU_ID.NEXTVAL SKU_ID FROM DUAL;
INSERT INTO SKU(SKU_ID, OFFICE_DEPOT_ID, SKU_TYPE_ID, SKU_VALUE, IS_DELETED) VALUES (83, 21, 3, '21', 0);
SELECT SEQ_PROCUREMENT_SKU_ID.NEXTVAL SKU_ID FROM DUAL;
INSERT INTO SKU(SKU_ID, OFFICE_DEPOT_ID, SKU_TYPE_ID, SKU_VALUE, IS_DELETED) VALUES (84, 21, 15, '/images/16_default.jpg', 0);
SELECT SEQ_PROCUREMENT_SKU_ID.NEXTVAL SKU_ID FROM DUAL;
INSERT INTO SKU(SKU_ID, OFFICE_DEPOT_ID, SKU_TYPE_ID, SKU_VALUE, IS_DELETED) VALUES (85, 22, 1, 'Apple', 0);
SELECT SEQ_PROCUREMENT_SKU_ID.NEXTVAL SKU_ID FROM DUAL;
INSERT INTO SKU(SKU_ID, OFFICE_DEPOT_ID, SKU_TYPE_ID, SKU_VALUE, IS_DELETED) VALUES (86, 22, 2, 'Apple MB110CH/B Keyboard USB', 0);
SELECT SEQ_PROCUREMENT_SKU_ID.NEXTVAL SKU_ID FROM DUAL;
INSERT INTO SKU(SKU_ID, OFFICE_DEPOT_ID, SKU_TYPE_ID, SKU_VALUE, IS_DELETED) VALUES (87, 22, 3, '22', 0);
SELECT SEQ_PROCUREMENT_SKU_ID.NEXTVAL SKU_ID FROM DUAL;
INSERT INTO SKU(SKU_ID, OFFICE_DEPOT_ID, SKU_TYPE_ID, SKU_VALUE, IS_DELETED) VALUES (88, 22, 15, '/images/16_default.jpg', 0);
SELECT SEQ_PROCUREMENT_SKU_ID.NEXTVAL SKU_ID FROM DUAL;
INSERT INTO SKU(SKU_ID, OFFICE_DEPOT_ID, SKU_TYPE_ID, SKU_VALUE, IS_DELETED) VALUES (89, 23, 1, 'Cherry', 0);
SELECT SEQ_PROCUREMENT_SKU_ID.NEXTVAL SKU_ID FROM DUAL;
INSERT INTO SKU(SKU_ID, OFFICE_DEPOT_ID, SKU_TYPE_ID, SKU_VALUE, IS_DELETED) VALUES (90, 23, 2, 'Cherry MX-BOARD 2.0 C G80-3802LUBEU-2 机械键盘 黑色黑轴', 0);
SELECT SEQ_PROCUREMENT_SKU_ID.NEXTVAL SKU_ID FROM DUAL;
INSERT INTO SKU(SKU_ID, OFFICE_DEPOT_ID, SKU_TYPE_ID, SKU_VALUE, IS_DELETED) VALUES (91, 23, 3, '23', 0);
SELECT SEQ_PROCUREMENT_SKU_ID.NEXTVAL SKU_ID FROM DUAL;
INSERT INTO SKU(SKU_ID, OFFICE_DEPOT_ID, SKU_TYPE_ID, SKU_VALUE, IS_DELETED) VALUES (92, 23, 15, '/images/17_default.jpg', 0);
SELECT SEQ_PROCUREMENT_SKU_ID.NEXTVAL SKU_ID FROM DUAL;
INSERT INTO SKU(SKU_ID, OFFICE_DEPOT_ID, SKU_TYPE_ID, SKU_VALUE, IS_DELETED) VALUES (93, 24, 1, 'Thinkpad', 0);
SELECT SEQ_PROCUREMENT_SKU_ID.NEXTVAL SKU_ID FROM DUAL;
INSERT INTO SKU(SKU_ID, OFFICE_DEPOT_ID, SKU_TYPE_ID, SKU_VALUE, IS_DELETED) VALUES (94, 24, 2, 'ThinkPad 15.6-inch 商务双肩电脑背包 43R2482 4X40E77324', 0);
SELECT SEQ_PROCUREMENT_SKU_ID.NEXTVAL SKU_ID FROM DUAL;
INSERT INTO SKU(SKU_ID, OFFICE_DEPOT_ID, SKU_TYPE_ID, SKU_VALUE, IS_DELETED) VALUES (95, 24, 3, '24', 0);
SELECT SEQ_PROCUREMENT_SKU_ID.NEXTVAL SKU_ID FROM DUAL;
INSERT INTO SKU(SKU_ID, OFFICE_DEPOT_ID, SKU_TYPE_ID, SKU_VALUE, IS_DELETED) VALUES (96, 24, 15, '/images/18_default.jpg', 0);
SELECT SEQ_PROCUREMENT_SKU_ID.NEXTVAL SKU_ID FROM DUAL;
INSERT INTO SKU(SKU_ID, OFFICE_DEPOT_ID, SKU_TYPE_ID, SKU_VALUE, IS_DELETED) VALUES (97, 25, 1, 'Dell', 0);
SELECT SEQ_PROCUREMENT_SKU_ID.NEXTVAL SKU_ID FROM DUAL;
INSERT INTO SKU(SKU_ID, OFFICE_DEPOT_ID, SKU_TYPE_ID, SKU_VALUE, IS_DELETED) VALUES (98, 25, 2, 'DELL P2417H 23.8-inch IPS Adaptive Monitor', 0);
SELECT SEQ_PROCUREMENT_SKU_ID.NEXTVAL SKU_ID FROM DUAL;
INSERT INTO SKU(SKU_ID, OFFICE_DEPOT_ID, SKU_TYPE_ID, SKU_VALUE, IS_DELETED) VALUES (99, 25, 3, '25', 0);
SELECT SEQ_PROCUREMENT_SKU_ID.NEXTVAL SKU_ID FROM DUAL;
INSERT INTO SKU(SKU_ID, OFFICE_DEPOT_ID, SKU_TYPE_ID, SKU_VALUE, IS_DELETED) VALUES (100, 25, 15, '/images/19_default.jpg', 0);
SELECT SEQ_PROCUREMENT_SKU_ID.NEXTVAL SKU_ID FROM DUAL;
INSERT INTO SKU(SKU_ID, OFFICE_DEPOT_ID, SKU_TYPE_ID, SKU_VALUE, IS_DELETED) VALUES (101, 26, 1, 'Gigabyte', 0);
SELECT SEQ_PROCUREMENT_SKU_ID.NEXTVAL SKU_ID FROM DUAL;
INSERT INTO SKU(SKU_ID, OFFICE_DEPOT_ID, SKU_TYPE_ID, SKU_VALUE, IS_DELETED) VALUES (102, 26, 2, 'GIGABYTE G1.Sniper B7 Motherboard (Intel B150/LGA 1151)', 0);
SELECT SEQ_PROCUREMENT_SKU_ID.NEXTVAL SKU_ID FROM DUAL;
INSERT INTO SKU(SKU_ID, OFFICE_DEPOT_ID, SKU_TYPE_ID, SKU_VALUE, IS_DELETED) VALUES (103, 26, 3, '26', 0);
SELECT SEQ_PROCUREMENT_SKU_ID.NEXTVAL SKU_ID FROM DUAL;
INSERT INTO SKU(SKU_ID, OFFICE_DEPOT_ID, SKU_TYPE_ID, SKU_VALUE, IS_DELETED) VALUES (104, 26, 15, '/images/20_default.jpg', 0);
SELECT SEQ_PROCUREMENT_SKU_ID.NEXTVAL SKU_ID FROM DUAL;
INSERT INTO SKU(SKU_ID, OFFICE_DEPOT_ID, SKU_TYPE_ID, SKU_VALUE, IS_DELETED) VALUES (105, 27, 1, 'ACTTO', 0);
SELECT SEQ_PROCUREMENT_SKU_ID.NEXTVAL SKU_ID FROM DUAL;
INSERT INTO SKU(SKU_ID, OFFICE_DEPOT_ID, SKU_TYPE_ID, SKU_VALUE, IS_DELETED) VALUES (106, 27, 2, 'ACTTO NBS-07H Radiator Black', 0);
SELECT SEQ_PROCUREMENT_SKU_ID.NEXTVAL SKU_ID FROM DUAL;
INSERT INTO SKU(SKU_ID, OFFICE_DEPOT_ID, SKU_TYPE_ID, SKU_VALUE, IS_DELETED) VALUES (107, 27, 3, '27', 0);
SELECT SEQ_PROCUREMENT_SKU_ID.NEXTVAL SKU_ID FROM DUAL;
INSERT INTO SKU(SKU_ID, OFFICE_DEPOT_ID, SKU_TYPE_ID, SKU_VALUE, IS_DELETED) VALUES (108, 27, 15, '/images/21_default.jpg', 0);
SELECT SEQ_PROCUREMENT_SKU_ID.NEXTVAL SKU_ID FROM DUAL;
INSERT INTO SKU(SKU_ID, OFFICE_DEPOT_ID, SKU_TYPE_ID, SKU_VALUE, IS_DELETED) VALUES (109, 28, 1, 'Gigabyte', 0);
SELECT SEQ_PROCUREMENT_SKU_ID.NEXTVAL SKU_ID FROM DUAL;
INSERT INTO SKU(SKU_ID, OFFICE_DEPOT_ID, SKU_TYPE_ID, SKU_VALUE, IS_DELETED) VALUES (110, 28, 2, 'GIGABYTE GTX1060 WF2OC-6GD 1582-1797MHz/8000MHz 192bit GDDR5 Video Card', 0);
SELECT SEQ_PROCUREMENT_SKU_ID.NEXTVAL SKU_ID FROM DUAL;
INSERT INTO SKU(SKU_ID, OFFICE_DEPOT_ID, SKU_TYPE_ID, SKU_VALUE, IS_DELETED) VALUES (111, 28, 3, '28', 0);
SELECT SEQ_PROCUREMENT_SKU_ID.NEXTVAL SKU_ID FROM DUAL;
INSERT INTO SKU(SKU_ID, OFFICE_DEPOT_ID, SKU_TYPE_ID, SKU_VALUE, IS_DELETED) VALUES (112, 28, 15, '/images/22_default.jpg', 0);
SELECT SEQ_PROCUREMENT_SKU_ID.NEXTVAL SKU_ID FROM DUAL;
INSERT INTO SKU(SKU_ID, OFFICE_DEPOT_ID, SKU_TYPE_ID, SKU_VALUE, IS_DELETED) VALUES (113, 29, 1, 'TP Link', 0);
SELECT SEQ_PROCUREMENT_SKU_ID.NEXTVAL SKU_ID FROM DUAL;
INSERT INTO SKU(SKU_ID, OFFICE_DEPOT_ID, SKU_TYPE_ID, SKU_VALUE, IS_DELETED) VALUES (114, 29, 2, 'TP-Link Network Wire 3m', 0);
SELECT SEQ_PROCUREMENT_SKU_ID.NEXTVAL SKU_ID FROM DUAL;
INSERT INTO SKU(SKU_ID, OFFICE_DEPOT_ID, SKU_TYPE_ID, SKU_VALUE, IS_DELETED) VALUES (115, 29, 3, '29', 0);
SELECT SEQ_PROCUREMENT_SKU_ID.NEXTVAL SKU_ID FROM DUAL;
INSERT INTO SKU(SKU_ID, OFFICE_DEPOT_ID, SKU_TYPE_ID, SKU_VALUE, IS_DELETED) VALUES (116, 29, 15, '/images/23_default.jpg', 0);
SELECT SEQ_PROCUREMENT_SKU_ID.NEXTVAL SKU_ID FROM DUAL;
INSERT INTO SKU(SKU_ID, OFFICE_DEPOT_ID, SKU_TYPE_ID, SKU_VALUE, IS_DELETED) VALUES (117, 30, 1, 'ThinkPad', 0);
SELECT SEQ_PROCUREMENT_SKU_ID.NEXTVAL SKU_ID FROM DUAL;
INSERT INTO SKU(SKU_ID, OFFICE_DEPOT_ID, SKU_TYPE_ID, SKU_VALUE, IS_DELETED) VALUES (118, 30, 2, 'ThinkPad DDR4 2133 4G Memory for Laptop', 0);
SELECT SEQ_PROCUREMENT_SKU_ID.NEXTVAL SKU_ID FROM DUAL;
INSERT INTO SKU(SKU_ID, OFFICE_DEPOT_ID, SKU_TYPE_ID, SKU_VALUE, IS_DELETED) VALUES (119, 30, 3, '30', 0);
SELECT SEQ_PROCUREMENT_SKU_ID.NEXTVAL SKU_ID FROM DUAL;
INSERT INTO SKU(SKU_ID, OFFICE_DEPOT_ID, SKU_TYPE_ID, SKU_VALUE, IS_DELETED) VALUES (120, 30, 15, '/images/24_default.jpg', 0);
SELECT SEQ_PROCUREMENT_SKU_ID.NEXTVAL SKU_ID FROM DUAL;
INSERT INTO SKU(SKU_ID, OFFICE_DEPOT_ID, SKU_TYPE_ID, SKU_VALUE, IS_DELETED) VALUES (121, 31, 1, 'ThinkPad', 0);
SELECT SEQ_PROCUREMENT_SKU_ID.NEXTVAL SKU_ID FROM DUAL;
INSERT INTO SKU(SKU_ID, OFFICE_DEPOT_ID, SKU_TYPE_ID, SKU_VALUE, IS_DELETED) VALUES (122, 31, 2, 'ThinkPad T431S X230S X240s X240 45W 20V 2.25A Adapter', 0);
SELECT SEQ_PROCUREMENT_SKU_ID.NEXTVAL SKU_ID FROM DUAL;
INSERT INTO SKU(SKU_ID, OFFICE_DEPOT_ID, SKU_TYPE_ID, SKU_VALUE, IS_DELETED) VALUES (123, 31, 3, '31', 0);
SELECT SEQ_PROCUREMENT_SKU_ID.NEXTVAL SKU_ID FROM DUAL;
INSERT INTO SKU(SKU_ID, OFFICE_DEPOT_ID, SKU_TYPE_ID, SKU_VALUE, IS_DELETED) VALUES (124, 31, 15, '/images/25_default.jpg', 0);
SELECT SEQ_PROCUREMENT_SKU_ID.NEXTVAL SKU_ID FROM DUAL;
INSERT INTO SKU(SKU_ID, OFFICE_DEPOT_ID, SKU_TYPE_ID, SKU_VALUE, IS_DELETED) VALUES (125, 32, 1, 'Dell', 0);
SELECT SEQ_PROCUREMENT_SKU_ID.NEXTVAL SKU_ID FROM DUAL;
INSERT INTO SKU(SKU_ID, OFFICE_DEPOT_ID, SKU_TYPE_ID, SKU_VALUE, IS_DELETED) VALUES (126, 32, 2, 'DELL 19.5V 3.34A 65W Adapter PA-12', 0);
SELECT SEQ_PROCUREMENT_SKU_ID.NEXTVAL SKU_ID FROM DUAL;
INSERT INTO SKU(SKU_ID, OFFICE_DEPOT_ID, SKU_TYPE_ID, SKU_VALUE, IS_DELETED) VALUES (127, 32, 3, '32', 0);
SELECT SEQ_PROCUREMENT_SKU_ID.NEXTVAL SKU_ID FROM DUAL;
INSERT INTO SKU(SKU_ID, OFFICE_DEPOT_ID, SKU_TYPE_ID, SKU_VALUE, IS_DELETED) VALUES (128, 32, 15, '/images/25_default.jpg', 0);
SELECT SEQ_PROCUREMENT_SKU_ID.NEXTVAL SKU_ID FROM DUAL;
INSERT INTO SKU(SKU_ID, OFFICE_DEPOT_ID, SKU_TYPE_ID, SKU_VALUE, IS_DELETED) VALUES (129, 33, 1, 'TP Link', 0);
SELECT SEQ_PROCUREMENT_SKU_ID.NEXTVAL SKU_ID FROM DUAL;
INSERT INTO SKU(SKU_ID, OFFICE_DEPOT_ID, SKU_TYPE_ID, SKU_VALUE, IS_DELETED) VALUES (130, 33, 2, 'TP-LINK TL-WDR6500 1300M 11AC Wireless Router', 0);
SELECT SEQ_PROCUREMENT_SKU_ID.NEXTVAL SKU_ID FROM DUAL;
INSERT INTO SKU(SKU_ID, OFFICE_DEPOT_ID, SKU_TYPE_ID, SKU_VALUE, IS_DELETED) VALUES (131, 33, 3, '33', 0);
SELECT SEQ_PROCUREMENT_SKU_ID.NEXTVAL SKU_ID FROM DUAL;
INSERT INTO SKU(SKU_ID, OFFICE_DEPOT_ID, SKU_TYPE_ID, SKU_VALUE, IS_DELETED) VALUES (132, 33, 15, '/images/26_default.jpg', 0);
SELECT SEQ_PROCUREMENT_SKU_ID.NEXTVAL SKU_ID FROM DUAL;
INSERT INTO SKU(SKU_ID, OFFICE_DEPOT_ID, SKU_TYPE_ID, SKU_VALUE, IS_DELETED) VALUES (133, 34, 1, 'TP Link', 0);
SELECT SEQ_PROCUREMENT_SKU_ID.NEXTVAL SKU_ID FROM DUAL;
INSERT INTO SKU(SKU_ID, OFFICE_DEPOT_ID, SKU_TYPE_ID, SKU_VALUE, IS_DELETED) VALUES (134, 34, 2, 'TP-Link TL-WDR5620 1200M Router White', 0);
SELECT SEQ_PROCUREMENT_SKU_ID.NEXTVAL SKU_ID FROM DUAL;
INSERT INTO SKU(SKU_ID, OFFICE_DEPOT_ID, SKU_TYPE_ID, SKU_VALUE, IS_DELETED) VALUES (135, 34, 3, '34', 0);
SELECT SEQ_PROCUREMENT_SKU_ID.NEXTVAL SKU_ID FROM DUAL;
INSERT INTO SKU(SKU_ID, OFFICE_DEPOT_ID, SKU_TYPE_ID, SKU_VALUE, IS_DELETED) VALUES (136, 34, 15, '/images/26_default.jpg', 0);
SELECT SEQ_PROCUREMENT_SKU_ID.NEXTVAL SKU_ID FROM DUAL;
INSERT INTO SKU(SKU_ID, OFFICE_DEPOT_ID, SKU_TYPE_ID, SKU_VALUE, IS_DELETED) VALUES (137, 35, 1, 'TP Link', 0);
SELECT SEQ_PROCUREMENT_SKU_ID.NEXTVAL SKU_ID FROM DUAL;
INSERT INTO SKU(SKU_ID, OFFICE_DEPOT_ID, SKU_TYPE_ID, SKU_VALUE, IS_DELETED) VALUES (138, 35, 2, 'TP-Link TL-PA1200 Wireless AP', 0);
SELECT SEQ_PROCUREMENT_SKU_ID.NEXTVAL SKU_ID FROM DUAL;
INSERT INTO SKU(SKU_ID, OFFICE_DEPOT_ID, SKU_TYPE_ID, SKU_VALUE, IS_DELETED) VALUES (139, 35, 3, '35', 0);
SELECT SEQ_PROCUREMENT_SKU_ID.NEXTVAL SKU_ID FROM DUAL;
INSERT INTO SKU(SKU_ID, OFFICE_DEPOT_ID, SKU_TYPE_ID, SKU_VALUE, IS_DELETED) VALUES (140, 35, 15, '/images/27_default.jpg', 0);
SELECT SEQ_PROCUREMENT_SKU_ID.NEXTVAL SKU_ID FROM DUAL;
INSERT INTO SKU(SKU_ID, OFFICE_DEPOT_ID, SKU_TYPE_ID, SKU_VALUE, IS_DELETED) VALUES (141, 36, 1, 'Huawei', 0);
SELECT SEQ_PROCUREMENT_SKU_ID.NEXTVAL SKU_ID FROM DUAL;
INSERT INTO SKU(SKU_ID, OFFICE_DEPOT_ID, SKU_TYPE_ID, SKU_VALUE, IS_DELETED) VALUES (142, 36, 2, 'HUAWEI PT530 500M AP ', 0);
SELECT SEQ_PROCUREMENT_SKU_ID.NEXTVAL SKU_ID FROM DUAL;
INSERT INTO SKU(SKU_ID, OFFICE_DEPOT_ID, SKU_TYPE_ID, SKU_VALUE, IS_DELETED) VALUES (143, 36, 3, '36', 0);
SELECT SEQ_PROCUREMENT_SKU_ID.NEXTVAL SKU_ID FROM DUAL;
INSERT INTO SKU(SKU_ID, OFFICE_DEPOT_ID, SKU_TYPE_ID, SKU_VALUE, IS_DELETED) VALUES (144, 36, 15, '/images/27_default.jpg', 0);
SELECT SEQ_PROCUREMENT_SKU_ID.NEXTVAL SKU_ID FROM DUAL;
INSERT INTO SKU(SKU_ID, OFFICE_DEPOT_ID, SKU_TYPE_ID, SKU_VALUE, IS_DELETED) VALUES (145, 37, 1, 'TP Link', 0);
SELECT SEQ_PROCUREMENT_SKU_ID.NEXTVAL SKU_ID FROM DUAL;
INSERT INTO SKU(SKU_ID, OFFICE_DEPOT_ID, SKU_TYPE_ID, SKU_VALUE, IS_DELETED) VALUES (146, 37, 2, 'TP-Link TL-SF1008+ 100M Ethernet Switcher', 0);
SELECT SEQ_PROCUREMENT_SKU_ID.NEXTVAL SKU_ID FROM DUAL;
INSERT INTO SKU(SKU_ID, OFFICE_DEPOT_ID, SKU_TYPE_ID, SKU_VALUE, IS_DELETED) VALUES (147, 37, 3, '37', 0);
SELECT SEQ_PROCUREMENT_SKU_ID.NEXTVAL SKU_ID FROM DUAL;
INSERT INTO SKU(SKU_ID, OFFICE_DEPOT_ID, SKU_TYPE_ID, SKU_VALUE, IS_DELETED) VALUES (148, 37, 15, '/images/28_default.jpg', 0);
SELECT SEQ_PROCUREMENT_SKU_ID.NEXTVAL SKU_ID FROM DUAL;
INSERT INTO SKU(SKU_ID, OFFICE_DEPOT_ID, SKU_TYPE_ID, SKU_VALUE, IS_DELETED) VALUES (149, 38, 1, 'Huawei', 0);
SELECT SEQ_PROCUREMENT_SKU_ID.NEXTVAL SKU_ID FROM DUAL;
INSERT INTO SKU(SKU_ID, OFFICE_DEPOT_ID, SKU_TYPE_ID, SKU_VALUE, IS_DELETED) VALUES (150, 38, 2, 'HUAWEI E5573 联通电信3G/4G无线路由器 便携移动随身WIFI', 0);
SELECT SEQ_PROCUREMENT_SKU_ID.NEXTVAL SKU_ID FROM DUAL;
INSERT INTO SKU(SKU_ID, OFFICE_DEPOT_ID, SKU_TYPE_ID, SKU_VALUE, IS_DELETED) VALUES (151, 38, 3, '38', 0);
SELECT SEQ_PROCUREMENT_SKU_ID.NEXTVAL SKU_ID FROM DUAL;
INSERT INTO SKU(SKU_ID, OFFICE_DEPOT_ID, SKU_TYPE_ID, SKU_VALUE, IS_DELETED) VALUES (152, 38, 15, '/images/29_default.jpg', 0);
SELECT SEQ_PROCUREMENT_SKU_ID.NEXTVAL SKU_ID FROM DUAL;
INSERT INTO SKU(SKU_ID, OFFICE_DEPOT_ID, SKU_TYPE_ID, SKU_VALUE, IS_DELETED) VALUES (153, 39, 1, 'TP Link', 0);
SELECT SEQ_PROCUREMENT_SKU_ID.NEXTVAL SKU_ID FROM DUAL;
INSERT INTO SKU(SKU_ID, OFFICE_DEPOT_ID, SKU_TYPE_ID, SKU_VALUE, IS_DELETED) VALUES (154, 39, 2, 'TP-LINK TL-WDN6200 866M 11AC USB Network card', 0);
SELECT SEQ_PROCUREMENT_SKU_ID.NEXTVAL SKU_ID FROM DUAL;
INSERT INTO SKU(SKU_ID, OFFICE_DEPOT_ID, SKU_TYPE_ID, SKU_VALUE, IS_DELETED) VALUES (155, 39, 3, '39', 0);
SELECT SEQ_PROCUREMENT_SKU_ID.NEXTVAL SKU_ID FROM DUAL;
INSERT INTO SKU(SKU_ID, OFFICE_DEPOT_ID, SKU_TYPE_ID, SKU_VALUE, IS_DELETED) VALUES (156, 39, 15, '/images/30_default.jpg', 0);
SELECT SEQ_PROCUREMENT_SKU_ID.NEXTVAL SKU_ID FROM DUAL;
INSERT INTO SKU(SKU_ID, OFFICE_DEPOT_ID, SKU_TYPE_ID, SKU_VALUE, IS_DELETED) VALUES (157, 40, 1, 'Fuji Xerox', 0);
SELECT SEQ_PROCUREMENT_SKU_ID.NEXTVAL SKU_ID FROM DUAL;
INSERT INTO SKU(SKU_ID, OFFICE_DEPOT_ID, SKU_TYPE_ID, SKU_VALUE, IS_DELETED) VALUES (158, 40, 2, 'Fuji Xerox Phaser 7800 A3彩色激光打印机 自动双面打印', 0);
SELECT SEQ_PROCUREMENT_SKU_ID.NEXTVAL SKU_ID FROM DUAL;
INSERT INTO SKU(SKU_ID, OFFICE_DEPOT_ID, SKU_TYPE_ID, SKU_VALUE, IS_DELETED) VALUES (159, 40, 3, '40', 0);
SELECT SEQ_PROCUREMENT_SKU_ID.NEXTVAL SKU_ID FROM DUAL;
INSERT INTO SKU(SKU_ID, OFFICE_DEPOT_ID, SKU_TYPE_ID, SKU_VALUE, IS_DELETED) VALUES (160, 40, 15, '/images/31_default.jpg', 0);
SELECT SEQ_PROCUREMENT_SKU_ID.NEXTVAL SKU_ID FROM DUAL;
INSERT INTO SKU(SKU_ID, OFFICE_DEPOT_ID, SKU_TYPE_ID, SKU_VALUE, IS_DELETED) VALUES (161, 41, 1, 'HP', 0);
SELECT SEQ_PROCUREMENT_SKU_ID.NEXTVAL SKU_ID FROM DUAL;
INSERT INTO SKU(SKU_ID, OFFICE_DEPOT_ID, SKU_TYPE_ID, SKU_VALUE, IS_DELETED) VALUES (162, 41, 2, 'HP Designjet T795 44-inch B0 (CR649C)Designjet T795', 0);
SELECT SEQ_PROCUREMENT_SKU_ID.NEXTVAL SKU_ID FROM DUAL;
INSERT INTO SKU(SKU_ID, OFFICE_DEPOT_ID, SKU_TYPE_ID, SKU_VALUE, IS_DELETED) VALUES (163, 41, 3, '41', 0);
SELECT SEQ_PROCUREMENT_SKU_ID.NEXTVAL SKU_ID FROM DUAL;
INSERT INTO SKU(SKU_ID, OFFICE_DEPOT_ID, SKU_TYPE_ID, SKU_VALUE, IS_DELETED) VALUES (164, 41, 15, '/images/31_default.jpg', 0);
SELECT SEQ_PROCUREMENT_SKU_ID.NEXTVAL SKU_ID FROM DUAL;
INSERT INTO SKU(SKU_ID, OFFICE_DEPOT_ID, SKU_TYPE_ID, SKU_VALUE, IS_DELETED) VALUES (165, 42, 1, 'SONY', 0);
SELECT SEQ_PROCUREMENT_SKU_ID.NEXTVAL SKU_ID FROM DUAL;
INSERT INTO SKU(SKU_ID, OFFICE_DEPOT_ID, SKU_TYPE_ID, SKU_VALUE, IS_DELETED) VALUES (166, 42, 2, 'SONY VPL-F700HL投影机工程投影机 7000流明投影仪', 0);
SELECT SEQ_PROCUREMENT_SKU_ID.NEXTVAL SKU_ID FROM DUAL;
INSERT INTO SKU(SKU_ID, OFFICE_DEPOT_ID, SKU_TYPE_ID, SKU_VALUE, IS_DELETED) VALUES (167, 42, 3, '42', 0);
SELECT SEQ_PROCUREMENT_SKU_ID.NEXTVAL SKU_ID FROM DUAL;
INSERT INTO SKU(SKU_ID, OFFICE_DEPOT_ID, SKU_TYPE_ID, SKU_VALUE, IS_DELETED) VALUES (168, 42, 15, '/images/32_default.jpg', 0);
SELECT SEQ_PROCUREMENT_SKU_ID.NEXTVAL SKU_ID FROM DUAL;
INSERT INTO SKU(SKU_ID, OFFICE_DEPOT_ID, SKU_TYPE_ID, SKU_VALUE, IS_DELETED) VALUES (169, 43, 1, 'BenQ', 0);
SELECT SEQ_PROCUREMENT_SKU_ID.NEXTVAL SKU_ID FROM DUAL;
INSERT INTO SKU(SKU_ID, OFFICE_DEPOT_ID, SKU_TYPE_ID, SKU_VALUE, IS_DELETED) VALUES (170, 43, 2, 'BenQ PW9500 工程投影机 可换镜头，应用双灯泡投影系统', 0);
SELECT SEQ_PROCUREMENT_SKU_ID.NEXTVAL SKU_ID FROM DUAL;
INSERT INTO SKU(SKU_ID, OFFICE_DEPOT_ID, SKU_TYPE_ID, SKU_VALUE, IS_DELETED) VALUES (171, 43, 3, '43', 0);
SELECT SEQ_PROCUREMENT_SKU_ID.NEXTVAL SKU_ID FROM DUAL;
INSERT INTO SKU(SKU_ID, OFFICE_DEPOT_ID, SKU_TYPE_ID, SKU_VALUE, IS_DELETED) VALUES (172, 43, 15, '/images/32_default.jpg', 0);
SELECT SEQ_PROCUREMENT_SKU_ID.NEXTVAL SKU_ID FROM DUAL;
INSERT INTO SKU(SKU_ID, OFFICE_DEPOT_ID, SKU_TYPE_ID, SKU_VALUE, IS_DELETED) VALUES (173, 44, 1, 'Fuji Xerox', 0);
SELECT SEQ_PROCUREMENT_SKU_ID.NEXTVAL SKU_ID FROM DUAL;
INSERT INTO SKU(SKU_ID, OFFICE_DEPOT_ID, SKU_TYPE_ID, SKU_VALUE, IS_DELETED) VALUES (174, 44, 2, 'Fuji Xerox S2011NDA Copier A3 黑白激光(彩色扫描打印复印传真双面器输稿器)', 0);
SELECT SEQ_PROCUREMENT_SKU_ID.NEXTVAL SKU_ID FROM DUAL;
INSERT INTO SKU(SKU_ID, OFFICE_DEPOT_ID, SKU_TYPE_ID, SKU_VALUE, IS_DELETED) VALUES (175, 44, 3, '44', 0);
SELECT SEQ_PROCUREMENT_SKU_ID.NEXTVAL SKU_ID FROM DUAL;
INSERT INTO SKU(SKU_ID, OFFICE_DEPOT_ID, SKU_TYPE_ID, SKU_VALUE, IS_DELETED) VALUES (176, 44, 15, '/images/33_default.jpg', 0);
SELECT SEQ_PROCUREMENT_SKU_ID.NEXTVAL SKU_ID FROM DUAL;
INSERT INTO SKU(SKU_ID, OFFICE_DEPOT_ID, SKU_TYPE_ID, SKU_VALUE, IS_DELETED) VALUES (177, 45, 1, 'Felolowes', 0);
SELECT SEQ_PROCUREMENT_SKU_ID.NEXTVAL SKU_ID FROM DUAL;
INSERT INTO SKU(SKU_ID, OFFICE_DEPOT_ID, SKU_TYPE_ID, SKU_VALUE, IS_DELETED) VALUES (178, 45, 2, 'Fellowes/范罗士 碎纸机电动办公大功率静音段状碎纸机文件光盘粉碎机485ci', 0);
SELECT SEQ_PROCUREMENT_SKU_ID.NEXTVAL SKU_ID FROM DUAL;
INSERT INTO SKU(SKU_ID, OFFICE_DEPOT_ID, SKU_TYPE_ID, SKU_VALUE, IS_DELETED) VALUES (179, 45, 3, '45', 0);
SELECT SEQ_PROCUREMENT_SKU_ID.NEXTVAL SKU_ID FROM DUAL;
INSERT INTO SKU(SKU_ID, OFFICE_DEPOT_ID, SKU_TYPE_ID, SKU_VALUE, IS_DELETED) VALUES (180, 45, 15, '/images/34_default.jpg', 0);
SELECT SEQ_PROCUREMENT_SKU_ID.NEXTVAL SKU_ID FROM DUAL;
INSERT INTO SKU(SKU_ID, OFFICE_DEPOT_ID, SKU_TYPE_ID, SKU_VALUE, IS_DELETED) VALUES (181, 46, 1, 'Deli', 0);
SELECT SEQ_PROCUREMENT_SKU_ID.NEXTVAL SKU_ID FROM DUAL;
INSERT INTO SKU(SKU_ID, OFFICE_DEPOT_ID, SKU_TYPE_ID, SKU_VALUE, IS_DELETED) VALUES (182, 46, 2, 'deli得力9905碎纸机 电动办公静音大功率文件粉碎机4级保密碎纸60分钟', 0);
SELECT SEQ_PROCUREMENT_SKU_ID.NEXTVAL SKU_ID FROM DUAL;
INSERT INTO SKU(SKU_ID, OFFICE_DEPOT_ID, SKU_TYPE_ID, SKU_VALUE, IS_DELETED) VALUES (183, 46, 3, '46', 0);
SELECT SEQ_PROCUREMENT_SKU_ID.NEXTVAL SKU_ID FROM DUAL;
INSERT INTO SKU(SKU_ID, OFFICE_DEPOT_ID, SKU_TYPE_ID, SKU_VALUE, IS_DELETED) VALUES (184, 46, 15, '/images/34_default.jpg', 0);
SELECT SEQ_PROCUREMENT_SKU_ID.NEXTVAL SKU_ID FROM DUAL;
INSERT INTO SKU(SKU_ID, OFFICE_DEPOT_ID, SKU_TYPE_ID, SKU_VALUE, IS_DELETED) VALUES (185, 47, 1, 'Deli', 0);
SELECT SEQ_PROCUREMENT_SKU_ID.NEXTVAL SKU_ID FROM DUAL;
INSERT INTO SKU(SKU_ID, OFFICE_DEPOT_ID, SKU_TYPE_ID, SKU_VALUE, IS_DELETED) VALUES (186, 47, 2, 'Deli 3917点钞机 验钞机 5组磁头可验1/4拼接假币 智能验钞机 高清大屏', 0);
SELECT SEQ_PROCUREMENT_SKU_ID.NEXTVAL SKU_ID FROM DUAL;
INSERT INTO SKU(SKU_ID, OFFICE_DEPOT_ID, SKU_TYPE_ID, SKU_VALUE, IS_DELETED) VALUES (187, 47, 3, '47', 0);
SELECT SEQ_PROCUREMENT_SKU_ID.NEXTVAL SKU_ID FROM DUAL;
INSERT INTO SKU(SKU_ID, OFFICE_DEPOT_ID, SKU_TYPE_ID, SKU_VALUE, IS_DELETED) VALUES (188, 47, 15, '/images/35_default.jpg', 0);
SELECT SEQ_PROCUREMENT_SKU_ID.NEXTVAL SKU_ID FROM DUAL;
INSERT INTO SKU(SKU_ID, OFFICE_DEPOT_ID, SKU_TYPE_ID, SKU_VALUE, IS_DELETED) VALUES (189, 48, 1, 'Deli', 0);
SELECT SEQ_PROCUREMENT_SKU_ID.NEXTVAL SKU_ID FROM DUAL;
INSERT INTO SKU(SKU_ID, OFFICE_DEPOT_ID, SKU_TYPE_ID, SKU_VALUE, IS_DELETED) VALUES (190, 48, 2, 'Deli 3658电子密码保险箱 家用办公保险柜大型入墙加固保管柜床头柜 1m', 0);
SELECT SEQ_PROCUREMENT_SKU_ID.NEXTVAL SKU_ID FROM DUAL;
INSERT INTO SKU(SKU_ID, OFFICE_DEPOT_ID, SKU_TYPE_ID, SKU_VALUE, IS_DELETED) VALUES (191, 48, 3, '48', 0);
SELECT SEQ_PROCUREMENT_SKU_ID.NEXTVAL SKU_ID FROM DUAL;
INSERT INTO SKU(SKU_ID, OFFICE_DEPOT_ID, SKU_TYPE_ID, SKU_VALUE, IS_DELETED) VALUES (192, 48, 15, '/images/36_default.jpg', 0);
SELECT SEQ_PROCUREMENT_SKU_ID.NEXTVAL SKU_ID FROM DUAL;
INSERT INTO SKU(SKU_ID, OFFICE_DEPOT_ID, SKU_TYPE_ID, SKU_VALUE, IS_DELETED) VALUES (193, 49, 1, 'Deli', 0);
SELECT SEQ_PROCUREMENT_SKU_ID.NEXTVAL SKU_ID FROM DUAL;
INSERT INTO SKU(SKU_ID, OFFICE_DEPOT_ID, SKU_TYPE_ID, SKU_VALUE, IS_DELETED) VALUES (194, 49, 2, 'Deli 3959指纹考勤机 脸部识别签到机 人脸指纹式打卡机 虹膜打卡机', 0);
SELECT SEQ_PROCUREMENT_SKU_ID.NEXTVAL SKU_ID FROM DUAL;
INSERT INTO SKU(SKU_ID, OFFICE_DEPOT_ID, SKU_TYPE_ID, SKU_VALUE, IS_DELETED) VALUES (195, 49, 3, '49', 0);
SELECT SEQ_PROCUREMENT_SKU_ID.NEXTVAL SKU_ID FROM DUAL;
INSERT INTO SKU(SKU_ID, OFFICE_DEPOT_ID, SKU_TYPE_ID, SKU_VALUE, IS_DELETED) VALUES (196, 49, 15, '/images/37_default.jpg', 0);
SELECT SEQ_PROCUREMENT_SKU_ID.NEXTVAL SKU_ID FROM DUAL;
INSERT INTO SKU(SKU_ID, OFFICE_DEPOT_ID, SKU_TYPE_ID, SKU_VALUE, IS_DELETED) VALUES (197, 50, 1, 'Deli', 0);
SELECT SEQ_PROCUREMENT_SKU_ID.NEXTVAL SKU_ID FROM DUAL;
INSERT INTO SKU(SKU_ID, OFFICE_DEPOT_ID, SKU_TYPE_ID, SKU_VALUE, IS_DELETED) VALUES (198, 50, 2, 'Deli 3884 财务用装订机 一键式全自动装订机 激光定位热铆', 0);
SELECT SEQ_PROCUREMENT_SKU_ID.NEXTVAL SKU_ID FROM DUAL;
INSERT INTO SKU(SKU_ID, OFFICE_DEPOT_ID, SKU_TYPE_ID, SKU_VALUE, IS_DELETED) VALUES (199, 50, 3, '50', 0);
SELECT SEQ_PROCUREMENT_SKU_ID.NEXTVAL SKU_ID FROM DUAL;
INSERT INTO SKU(SKU_ID, OFFICE_DEPOT_ID, SKU_TYPE_ID, SKU_VALUE, IS_DELETED) VALUES (200, 50, 15, '/images/38_default.jpg', 0);
SELECT SEQ_PROCUREMENT_SKU_ID.NEXTVAL SKU_ID FROM DUAL;
INSERT INTO SKU(SKU_ID, OFFICE_DEPOT_ID, SKU_TYPE_ID, SKU_VALUE, IS_DELETED) VALUES (201, 51, 1, 'HP', 0);
SELECT SEQ_PROCUREMENT_SKU_ID.NEXTVAL SKU_ID FROM DUAL;
INSERT INTO SKU(SKU_ID, OFFICE_DEPOT_ID, SKU_TYPE_ID, SKU_VALUE, IS_DELETED) VALUES (202, 51, 2, 'HP 硒鼓 CC388ADtwins 88A（适用 P1007 1008 1108 1106 M1213 1218 1216 1136 1216', 0);
SELECT SEQ_PROCUREMENT_SKU_ID.NEXTVAL SKU_ID FROM DUAL;
INSERT INTO SKU(SKU_ID, OFFICE_DEPOT_ID, SKU_TYPE_ID, SKU_VALUE, IS_DELETED) VALUES (203, 51, 3, '51', 0);
SELECT SEQ_PROCUREMENT_SKU_ID.NEXTVAL SKU_ID FROM DUAL;
INSERT INTO SKU(SKU_ID, OFFICE_DEPOT_ID, SKU_TYPE_ID, SKU_VALUE, IS_DELETED) VALUES (204, 51, 15, '/images/39_default.jpg', 0);
SELECT SEQ_PROCUREMENT_SKU_ID.NEXTVAL SKU_ID FROM DUAL;
INSERT INTO SKU(SKU_ID, OFFICE_DEPOT_ID, SKU_TYPE_ID, SKU_VALUE, IS_DELETED) VALUES (205, 52, 1, 'Fuji Xerox', 0);
SELECT SEQ_PROCUREMENT_SKU_ID.NEXTVAL SKU_ID FROM DUAL;
INSERT INTO SKU(SKU_ID, OFFICE_DEPOT_ID, SKU_TYPE_ID, SKU_VALUE, IS_DELETED) VALUES (206, 52, 2, 'Xerox 202(CT350251)硒鼓 适用于DP202/DP255/DP305', 0);
SELECT SEQ_PROCUREMENT_SKU_ID.NEXTVAL SKU_ID FROM DUAL;
INSERT INTO SKU(SKU_ID, OFFICE_DEPOT_ID, SKU_TYPE_ID, SKU_VALUE, IS_DELETED) VALUES (207, 52, 3, '52', 0);
SELECT SEQ_PROCUREMENT_SKU_ID.NEXTVAL SKU_ID FROM DUAL;
INSERT INTO SKU(SKU_ID, OFFICE_DEPOT_ID, SKU_TYPE_ID, SKU_VALUE, IS_DELETED) VALUES (208, 52, 15, '/images/39_default.jpg', 0);
SELECT SEQ_PROCUREMENT_SKU_ID.NEXTVAL SKU_ID FROM DUAL;
INSERT INTO SKU(SKU_ID, OFFICE_DEPOT_ID, SKU_TYPE_ID, SKU_VALUE, IS_DELETED) VALUES (209, 53, 1, 'Deli', 0);
SELECT SEQ_PROCUREMENT_SKU_ID.NEXTVAL SKU_ID FROM DUAL;
INSERT INTO SKU(SKU_ID, OFFICE_DEPOT_ID, SKU_TYPE_ID, SKU_VALUE, IS_DELETED) VALUES (210, 53, 2, 'Deli A4 Paper 80g *10 boxes', 0);
SELECT SEQ_PROCUREMENT_SKU_ID.NEXTVAL SKU_ID FROM DUAL;
INSERT INTO SKU(SKU_ID, OFFICE_DEPOT_ID, SKU_TYPE_ID, SKU_VALUE, IS_DELETED) VALUES (211, 53, 3, '53', 0);
SELECT SEQ_PROCUREMENT_SKU_ID.NEXTVAL SKU_ID FROM DUAL;
INSERT INTO SKU(SKU_ID, OFFICE_DEPOT_ID, SKU_TYPE_ID, SKU_VALUE, IS_DELETED) VALUES (212, 53, 15, '/images/40_default.jpg', 0);
SELECT SEQ_PROCUREMENT_SKU_ID.NEXTVAL SKU_ID FROM DUAL;
INSERT INTO SKU(SKU_ID, OFFICE_DEPOT_ID, SKU_TYPE_ID, SKU_VALUE, IS_DELETED) VALUES (213, 54, 1, 'Uni', 0);
SELECT SEQ_PROCUREMENT_SKU_ID.NEXTVAL SKU_ID FROM DUAL;
INSERT INTO SKU(SKU_ID, OFFICE_DEPOT_ID, SKU_TYPE_ID, SKU_VALUE, IS_DELETED) VALUES (214, 54, 2, 'Uni UMN-152 0.5mm ball-pen Black', 0);
SELECT SEQ_PROCUREMENT_SKU_ID.NEXTVAL SKU_ID FROM DUAL;
INSERT INTO SKU(SKU_ID, OFFICE_DEPOT_ID, SKU_TYPE_ID, SKU_VALUE, IS_DELETED) VALUES (215, 54, 3, '54', 0);
SELECT SEQ_PROCUREMENT_SKU_ID.NEXTVAL SKU_ID FROM DUAL;
INSERT INTO SKU(SKU_ID, OFFICE_DEPOT_ID, SKU_TYPE_ID, SKU_VALUE, IS_DELETED) VALUES (216, 54, 15, '/images/41_default.jpg', 0);
SELECT SEQ_PROCUREMENT_SKU_ID.NEXTVAL SKU_ID FROM DUAL;
INSERT INTO SKU(SKU_ID, OFFICE_DEPOT_ID, SKU_TYPE_ID, SKU_VALUE, IS_DELETED) VALUES (217, 55, 1, '3M', 0);
SELECT SEQ_PROCUREMENT_SKU_ID.NEXTVAL SKU_ID FROM DUAL;
INSERT INTO SKU(SKU_ID, OFFICE_DEPOT_ID, SKU_TYPE_ID, SKU_VALUE, IS_DELETED) VALUES (218, 55, 2, '3M 654 Post-it Yellow', 0);
SELECT SEQ_PROCUREMENT_SKU_ID.NEXTVAL SKU_ID FROM DUAL;
INSERT INTO SKU(SKU_ID, OFFICE_DEPOT_ID, SKU_TYPE_ID, SKU_VALUE, IS_DELETED) VALUES (219, 55, 3, '55', 0);
SELECT SEQ_PROCUREMENT_SKU_ID.NEXTVAL SKU_ID FROM DUAL;
INSERT INTO SKU(SKU_ID, OFFICE_DEPOT_ID, SKU_TYPE_ID, SKU_VALUE, IS_DELETED) VALUES (220, 55, 15, '/images/42_default_1.jpg', 0);
SELECT SEQ_PROCUREMENT_SKU_ID.NEXTVAL SKU_ID FROM DUAL;
INSERT INTO SKU(SKU_ID, OFFICE_DEPOT_ID, SKU_TYPE_ID, SKU_VALUE, IS_DELETED) VALUES (221, 56, 1, 'Uni', 0);
SELECT SEQ_PROCUREMENT_SKU_ID.NEXTVAL SKU_ID FROM DUAL;
INSERT INTO SKU(SKU_ID, OFFICE_DEPOT_ID, SKU_TYPE_ID, SKU_VALUE, IS_DELETED) VALUES (222, 56, 2, 'Uni UMN-152 0.5mm ball-pen Black', 0);
SELECT SEQ_PROCUREMENT_SKU_ID.NEXTVAL SKU_ID FROM DUAL;
INSERT INTO SKU(SKU_ID, OFFICE_DEPOT_ID, SKU_TYPE_ID, SKU_VALUE, IS_DELETED) VALUES (223, 56, 3, '56', 0);
SELECT SEQ_PROCUREMENT_SKU_ID.NEXTVAL SKU_ID FROM DUAL;
INSERT INTO SKU(SKU_ID, OFFICE_DEPOT_ID, SKU_TYPE_ID, SKU_VALUE, IS_DELETED) VALUES (224, 56, 15, '/images/42_default_2.jpg', 0);
SELECT SEQ_PROCUREMENT_SKU_ID.NEXTVAL SKU_ID FROM DUAL;
INSERT INTO SKU(SKU_ID, OFFICE_DEPOT_ID, SKU_TYPE_ID, SKU_VALUE, IS_DELETED) VALUES (225, 57, 1, 'CASIO', 0);
SELECT SEQ_PROCUREMENT_SKU_ID.NEXTVAL SKU_ID FROM DUAL;
INSERT INTO SKU(SKU_ID, OFFICE_DEPOT_ID, SKU_TYPE_ID, SKU_VALUE, IS_DELETED) VALUES (226, 57, 2, 'CASIO FX-9750GII图形编程计算器', 0);
SELECT SEQ_PROCUREMENT_SKU_ID.NEXTVAL SKU_ID FROM DUAL;
INSERT INTO SKU(SKU_ID, OFFICE_DEPOT_ID, SKU_TYPE_ID, SKU_VALUE, IS_DELETED) VALUES (227, 57, 3, '57', 0);
SELECT SEQ_PROCUREMENT_SKU_ID.NEXTVAL SKU_ID FROM DUAL;
INSERT INTO SKU(SKU_ID, OFFICE_DEPOT_ID, SKU_TYPE_ID, SKU_VALUE, IS_DELETED) VALUES (228, 57, 15, '/images/43_default.jpg', 0);
SELECT SEQ_PROCUREMENT_SKU_ID.NEXTVAL SKU_ID FROM DUAL;
INSERT INTO SKU(SKU_ID, OFFICE_DEPOT_ID, SKU_TYPE_ID, SKU_VALUE, IS_DELETED) VALUES (229, 58, 1, 'Deli', 0);
SELECT SEQ_PROCUREMENT_SKU_ID.NEXTVAL SKU_ID FROM DUAL;
INSERT INTO SKU(SKU_ID, OFFICE_DEPOT_ID, SKU_TYPE_ID, SKU_VALUE, IS_DELETED) VALUES (230, 58, 2, 'Deli 837ES 桌面通用办公计算器 12位', 0);
SELECT SEQ_PROCUREMENT_SKU_ID.NEXTVAL SKU_ID FROM DUAL;
INSERT INTO SKU(SKU_ID, OFFICE_DEPOT_ID, SKU_TYPE_ID, SKU_VALUE, IS_DELETED) VALUES (231, 58, 3, '58', 0);
SELECT SEQ_PROCUREMENT_SKU_ID.NEXTVAL SKU_ID FROM DUAL;
INSERT INTO SKU(SKU_ID, OFFICE_DEPOT_ID, SKU_TYPE_ID, SKU_VALUE, IS_DELETED) VALUES (232, 58, 15, '/images/43_default.jpg', 0);
SELECT SEQ_PROCUREMENT_SKU_ID.NEXTVAL SKU_ID FROM DUAL;
INSERT INTO SKU(SKU_ID, OFFICE_DEPOT_ID, SKU_TYPE_ID, SKU_VALUE, IS_DELETED) VALUES (233, 59, 1, '3M', 0);
SELECT SEQ_PROCUREMENT_SKU_ID.NEXTVAL SKU_ID FROM DUAL;
INSERT INTO SKU(SKU_ID, OFFICE_DEPOT_ID, SKU_TYPE_ID, SKU_VALUE, IS_DELETED) VALUES (234, 59, 2, '3M 固体胶5020H(20G) 双包装组合套装', 0);
SELECT SEQ_PROCUREMENT_SKU_ID.NEXTVAL SKU_ID FROM DUAL;
INSERT INTO SKU(SKU_ID, OFFICE_DEPOT_ID, SKU_TYPE_ID, SKU_VALUE, IS_DELETED) VALUES (235, 59, 3, '59', 0);
SELECT SEQ_PROCUREMENT_SKU_ID.NEXTVAL SKU_ID FROM DUAL;
INSERT INTO SKU(SKU_ID, OFFICE_DEPOT_ID, SKU_TYPE_ID, SKU_VALUE, IS_DELETED) VALUES (236, 59, 15, '/images/44_default_1.jpg', 0);
SELECT SEQ_PROCUREMENT_SKU_ID.NEXTVAL SKU_ID FROM DUAL;
INSERT INTO SKU(SKU_ID, OFFICE_DEPOT_ID, SKU_TYPE_ID, SKU_VALUE, IS_DELETED) VALUES (237, 60, 1, 'Deli', 0);
SELECT SEQ_PROCUREMENT_SKU_ID.NEXTVAL SKU_ID FROM DUAL;
INSERT INTO SKU(SKU_ID, OFFICE_DEPOT_ID, SKU_TYPE_ID, SKU_VALUE, IS_DELETED) VALUES (238, 60, 2, 'Deli 30065 胶带 38um*18mm*30y * 8', 0);
SELECT SEQ_PROCUREMENT_SKU_ID.NEXTVAL SKU_ID FROM DUAL;
INSERT INTO SKU(SKU_ID, OFFICE_DEPOT_ID, SKU_TYPE_ID, SKU_VALUE, IS_DELETED) VALUES (239, 60, 3, '60', 0);
SELECT SEQ_PROCUREMENT_SKU_ID.NEXTVAL SKU_ID FROM DUAL;
INSERT INTO SKU(SKU_ID, OFFICE_DEPOT_ID, SKU_TYPE_ID, SKU_VALUE, IS_DELETED) VALUES (240, 60, 15, '/images/44_default_2.jpg', 0);
SELECT SEQ_PROCUREMENT_SKU_ID.NEXTVAL SKU_ID FROM DUAL;
INSERT INTO SKU(SKU_ID, OFFICE_DEPOT_ID, SKU_TYPE_ID, SKU_VALUE, IS_DELETED) VALUES (241, 61, 1, 'Deli', 0);
SELECT SEQ_PROCUREMENT_SKU_ID.NEXTVAL SKU_ID FROM DUAL;
INSERT INTO SKU(SKU_ID, OFFICE_DEPOT_ID, SKU_TYPE_ID, SKU_VALUE, IS_DELETED) VALUES (242, 61, 2, 'Deli 8554 25mm彩色长尾夹 48只/筒', 0);
SELECT SEQ_PROCUREMENT_SKU_ID.NEXTVAL SKU_ID FROM DUAL;
INSERT INTO SKU(SKU_ID, OFFICE_DEPOT_ID, SKU_TYPE_ID, SKU_VALUE, IS_DELETED) VALUES (243, 61, 3, '61', 0);
SELECT SEQ_PROCUREMENT_SKU_ID.NEXTVAL SKU_ID FROM DUAL;
INSERT INTO SKU(SKU_ID, OFFICE_DEPOT_ID, SKU_TYPE_ID, SKU_VALUE, IS_DELETED) VALUES (244, 61, 15, '/images/45_default_1.jpg', 0);
SELECT SEQ_PROCUREMENT_SKU_ID.NEXTVAL SKU_ID FROM DUAL;
INSERT INTO SKU(SKU_ID, OFFICE_DEPOT_ID, SKU_TYPE_ID, SKU_VALUE, IS_DELETED) VALUES (245, 62, 1, 'Deli', 0);
SELECT SEQ_PROCUREMENT_SKU_ID.NEXTVAL SKU_ID FROM DUAL;
INSERT INTO SKU(SKU_ID, OFFICE_DEPOT_ID, SKU_TYPE_ID, SKU_VALUE, IS_DELETED) VALUES (246, 62, 2, 'Deli 0037 镀镍回形针200枚/筒', 0);
SELECT SEQ_PROCUREMENT_SKU_ID.NEXTVAL SKU_ID FROM DUAL;
INSERT INTO SKU(SKU_ID, OFFICE_DEPOT_ID, SKU_TYPE_ID, SKU_VALUE, IS_DELETED) VALUES (247, 62, 3, '62', 0);
SELECT SEQ_PROCUREMENT_SKU_ID.NEXTVAL SKU_ID FROM DUAL;
INSERT INTO SKU(SKU_ID, OFFICE_DEPOT_ID, SKU_TYPE_ID, SKU_VALUE, IS_DELETED) VALUES (248, 62, 15, '/images/45_default_2.jpg', 0);
SELECT SEQ_PROCUREMENT_SKU_ID.NEXTVAL SKU_ID FROM DUAL;
INSERT INTO SKU(SKU_ID, OFFICE_DEPOT_ID, SKU_TYPE_ID, SKU_VALUE, IS_DELETED) VALUES (249, 63, 1, 'Deli', 0);
SELECT SEQ_PROCUREMENT_SKU_ID.NEXTVAL SKU_ID FROM DUAL;
INSERT INTO SKU(SKU_ID, OFFICE_DEPOT_ID, SKU_TYPE_ID, SKU_VALUE, IS_DELETED) VALUES (250, 63, 2, 'Deli 0012 12# 24 6 统一订书钉 钉书针 1000枚*10盒', 0);
SELECT SEQ_PROCUREMENT_SKU_ID.NEXTVAL SKU_ID FROM DUAL;
INSERT INTO SKU(SKU_ID, OFFICE_DEPOT_ID, SKU_TYPE_ID, SKU_VALUE, IS_DELETED) VALUES (251, 63, 3, '63', 0);
SELECT SEQ_PROCUREMENT_SKU_ID.NEXTVAL SKU_ID FROM DUAL;
INSERT INTO SKU(SKU_ID, OFFICE_DEPOT_ID, SKU_TYPE_ID, SKU_VALUE, IS_DELETED) VALUES (252, 63, 15, '/images/46_default_1.jpg', 0);
SELECT SEQ_PROCUREMENT_SKU_ID.NEXTVAL SKU_ID FROM DUAL;
INSERT INTO SKU(SKU_ID, OFFICE_DEPOT_ID, SKU_TYPE_ID, SKU_VALUE, IS_DELETED) VALUES (253, 64, 1, 'Deli', 0);
SELECT SEQ_PROCUREMENT_SKU_ID.NEXTVAL SKU_ID FROM DUAL;
INSERT INTO SKU(SKU_ID, OFFICE_DEPOT_ID, SKU_TYPE_ID, SKU_VALUE, IS_DELETED) VALUES (254, 64, 2, 'Deli 0359 办公组合套装 订书机+订书钉+起钉器 颜色随机', 0);
SELECT SEQ_PROCUREMENT_SKU_ID.NEXTVAL SKU_ID FROM DUAL;
INSERT INTO SKU(SKU_ID, OFFICE_DEPOT_ID, SKU_TYPE_ID, SKU_VALUE, IS_DELETED) VALUES (255, 64, 3, '64', 0);
SELECT SEQ_PROCUREMENT_SKU_ID.NEXTVAL SKU_ID FROM DUAL;
INSERT INTO SKU(SKU_ID, OFFICE_DEPOT_ID, SKU_TYPE_ID, SKU_VALUE, IS_DELETED) VALUES (256, 64, 15, '/images/46_default_2.jpg', 0);

CREATE TABLE ORDER_STATUS(
  STATUS_ID NUMBER,
  STATUS_NAME VARCHAR(20),
  CONSTRAINT PK_ORDER_STATUS PRIMARY KEY (STATUS_ID)
);

INSERT INTO ORDER_STATUS(STATUS_ID, STATUS_NAME) VALUES (1, 'CREATED');
INSERT INTO ORDER_STATUS(STATUS_ID, STATUS_NAME) VALUES (2, 'SUBMITTED');
INSERT INTO ORDER_STATUS(STATUS_ID, STATUS_NAME) VALUES (3, 'APPROVED');
INSERT INTO ORDER_STATUS(STATUS_ID, STATUS_NAME) VALUES (4, 'PROCESSING');
INSERT INTO ORDER_STATUS(STATUS_ID, STATUS_NAME) VALUES (5, 'COMPLETED');
INSERT INTO ORDER_STATUS(STATUS_ID, STATUS_NAME) VALUES (6, 'DELETED');
INSERT INTO ORDER_STATUS(STATUS_ID, STATUS_NAME) VALUES (7, 'REFUSED');
INSERT INTO ORDER_STATUS(STATUS_ID, STATUS_NAME) VALUES (8, 'CANCELED');

CREATE TABLE ORDER_TYPE(
  TYPE_ID NUMBER,
  TYPE_NAME VARCHAR(50),
  CONSTRAINT PK_ORDER_TYPE PRIMARY KEY (TYPE_ID)
);

INSERT INTO ORDER_TYPE(TYPE_ID, TYPE_NAME) VALUES (1, 'Standard PO');
INSERT INTO ORDER_TYPE(TYPE_ID, TYPE_NAME) VALUES (2, 'Blanket PA');
INSERT INTO ORDER_TYPE(TYPE_ID, TYPE_NAME) VALUES (3, 'Contract PA');
INSERT INTO ORDER_TYPE(TYPE_ID, TYPE_NAME) VALUES (4, 'Planned PO');

CREATE TABLE ORDERS(
  ORDER_ID NUMBER,
  ORDER_TYPE NUMBER,
  ORDER_STATUS NUMBER,
  REQUESTOR NUMBER,
  RECEIVER NUMBER,
  PRICE_ID NUMBER,
  JUSTIFICATION VARCHAR(200),
  CREATED_TIME TIMESTAMP DEFAULT systimestamp,
  SUBMITTED_TIME TIMESTAMP,
  APPROVED_TIME TIMESTAMP,
  PROCESSING_TIME TIMESTAMP,
  COMPLETED_TIME TIMESTAMP,
  DELETED_TIME TIMESTAMP,
  REFUSED_TIME TIMESTAMP,
  CANCELED_TIME TIMESTAMP,
  CONSTRAINT PK_ORDER PRIMARY KEY (ORDER_ID),
  CONSTRAINT FK_ORDERS_ORDER_TYPE FOREIGN KEY (ORDER_TYPE) REFERENCES ORDER_TYPE(TYPE_ID),
  CONSTRAINT FK_ORDERS_ORDER_STATUS FOREIGN KEY (ORDER_STATUS) REFERENCES ORDER_STATUS(STATUS_ID),
  CONSTRAINT FK_ORDERS_ORDER_REQUESTOR FOREIGN KEY (REQUESTOR) REFERENCES USERS(USER_ID),
  CONSTRAINT FK_ORDERS_PRICE FOREIGN KEY (PRICE_ID) REFERENCES PRICE(PRICE_ID)
);

CREATE TABLE ORDER_ITEM(
  ORDER_ID NUMBER,
  OFFICE_DEPOT_ID NUMBER,
  AMOUNT NUMBER,
  DISCOUNT NUMBER(1,2),
  CONSTRAINT PK_ORDER_ITEM PRIMARY KEY (ORDER_ID, OFFICE_DEPOT_ID),
  CONSTRAINT FK_ORDER_ITEM_ORDER_ID FOREIGN KEY (ORDER_ID) REFERENCES ORDERS(ORDER_ID)
  --CONSTRAINT FK_ORDER_ITEM_OFFICE_DEPOT FOREIGN KEY (OFFICE_DEPOT_ID) REFERENCES OFFICE_DEPOT(ITEM_ID)
);

CREATE TABLE INITIAL_STATE_TYPE(
  TYPE_ID NUMBER,
  TYPE_NAME VARCHAR(20),
  CONSTRAINT PK_INITIAL_STATE_TYPE PRIMARY KEY (TYPE_ID)
);

INSERT INTO INITIAL_STATE_TYPE(TYPE_ID, TYPE_NAME) VALUES (1, 'SUBMITTED');
INSERT INTO INITIAL_STATE_TYPE(TYPE_ID, TYPE_NAME) VALUES (2, 'APPROVED');
INSERT INTO INITIAL_STATE_TYPE(TYPE_ID, TYPE_NAME) VALUES (3, 'REFUSED');
INSERT INTO INITIAL_STATE_TYPE(TYPE_ID, TYPE_NAME) VALUES (4, 'ENABLED');
INSERT INTO INITIAL_STATE_TYPE(TYPE_ID, TYPE_NAME) VALUES (5, 'DISABLED');
INSERT INTO INITIAL_STATE_TYPE(TYPE_ID, TYPE_NAME) VALUES (6, 'PROCESSING');
INSERT INTO INITIAL_STATE_TYPE(TYPE_ID, TYPE_NAME) VALUES (7, 'COMPLETED');
INSERT INTO INITIAL_STATE_TYPE(TYPE_ID, TYPE_NAME) VALUES (8, 'SAVED');
INSERT INTO INITIAL_STATE_TYPE(TYPE_ID, TYPE_NAME) VALUES (9, 'CANCELED');

CREATE TABLE MANAGEMENT_TYPE(
  TYPE_ID NUMBER,
  TYPE_NAME VARCHAR(20),
  CONSTRAINT PK_MANAGEMENT_TYPE PRIMARY KEY (TYPE_ID)
);

INSERT INTO MANAGEMENT_TYPE(TYPE_ID, TYPE_NAME) VALUES (1, 'Account');
INSERT INTO MANAGEMENT_TYPE(TYPE_ID, TYPE_NAME) VALUES (2, 'Order');
INSERT INTO MANAGEMENT_TYPE(TYPE_ID, TYPE_NAME) VALUES (3, 'OfficeDepot');

CREATE TABLE TO_DO_LIST_TYPE(
  TYPE_ID NUMBER,
  ROLE_ID NUMBER,
  OWNER_ROLE_ID NUMBER,
  MANAGEMENT_ID NUMBER,
  CONSTRAINT PK_TO_DO_LIST_TYPE PRIMARY KEY (TYPE_ID),
  CONSTRAINT FK_TO_DO_LIST_TYPE_USER_ROLE FOREIGN KEY (ROLE_ID) REFERENCES USER_ROLE(ROLE_ID),
  CONSTRAINT FK_TO_DO_LIST_TYPE_OWNER_ROLE FOREIGN KEY (OWNER_ROLE_ID) REFERENCES USER_ROLE(ROLE_ID),
  CONSTRAINT FK_TO_DO_LIST_TYPE_MANAGEMENT_TYPE FOREIGN KEY (MANAGEMENT_ID) REFERENCES MANAGEMENT_TYPE(TYPE_ID)
);

INSERT INTO TO_DO_LIST_TYPE(TYPE_ID, ROLE_ID, OWNER_ROLE_ID, MANAGEMENT_ID) VALUES (1, 1, 4, 1);
INSERT INTO TO_DO_LIST_TYPE(TYPE_ID, ROLE_ID, OWNER_ROLE_ID, MANAGEMENT_ID) VALUES (2, 3, 2, 1);
INSERT INTO TO_DO_LIST_TYPE(TYPE_ID, ROLE_ID, OWNER_ROLE_ID, MANAGEMENT_ID) VALUES (3, 3, 2, 2);
INSERT INTO TO_DO_LIST_TYPE(TYPE_ID, ROLE_ID, OWNER_ROLE_ID, MANAGEMENT_ID) VALUES (4, 4, 2, 2);
INSERT INTO TO_DO_LIST_TYPE(TYPE_ID, ROLE_ID, OWNER_ROLE_ID, MANAGEMENT_ID) VALUES (5, 2, 2, 2);
INSERT INTO TO_DO_LIST_TYPE(TYPE_ID, ROLE_ID, OWNER_ROLE_ID, MANAGEMENT_ID) VALUES (6, 3, 3, 2);

CREATE TABLE ACTION_TYPE(
  ACTION_ID NUMBER,
  ACTION_NAME VARCHAR(20),
  END_STATUS VARCHAR(20),
  CONSTRAINT PK_ACTION_TYPE PRIMARY KEY (ACTION_ID)
);

INSERT INTO ACTION_TYPE(ACTION_ID, ACTION_NAME, END_STATUS) VALUES (1, 'Approve', 'APPROVED');
INSERT INTO ACTION_TYPE(ACTION_ID, ACTION_NAME, END_STATUS) VALUES (2, 'Refuse', 'REFUSED');
INSERT INTO ACTION_TYPE(ACTION_ID, ACTION_NAME, END_STATUS) VALUES (3, 'Enable', 'ENABLED');
INSERT INTO ACTION_TYPE(ACTION_ID, ACTION_NAME, END_STATUS) VALUES (4, 'Disable', 'DISABLED');
INSERT INTO ACTION_TYPE(ACTION_ID, ACTION_NAME, END_STATUS) VALUES (5, 'Process', 'PROCESSING');
INSERT INTO ACTION_TYPE(ACTION_ID, ACTION_NAME, END_STATUS) VALUES (6, 'Complete', 'COMPLETED');
INSERT INTO ACTION_TYPE(ACTION_ID, ACTION_NAME, END_STATUS) VALUES (7, 'Delete', 'DELETED');
INSERT INTO ACTION_TYPE(ACTION_ID, ACTION_NAME, END_STATUS) VALUES (8, 'Submit', 'SUBMITTED');

CREATE TABLE ACTION_MAPPING(
  MAPPING_ID NUMBER,
  TO_DO_LIST_TYPE_ID NUMBER,
  INITIAL_STATE_ID NUMBER,
  ACTION_ID NUMBER,
  REQUEST_URL VARCHAR(1024),
  NOTIFICATION_MASSAGE_PATERN VARCHAR(1024),
  CONSTRAINT PK_ACTION_MAPPING PRIMARY KEY (MAPPING_ID),
  CONSTRAINT FK_ACTION_MAPPING_TO_DO_LIST_TYPE FOREIGN KEY (TO_DO_LIST_TYPE_ID) REFERENCES TO_DO_LIST_TYPE(TYPE_ID),
  CONSTRAINT FK_ACTION_MAPPING_INITIAL_STATE_TYPE FOREIGN KEY (INITIAL_STATE_ID) REFERENCES INITIAL_STATE_TYPE(TYPE_ID),
  CONSTRAINT FK_ACTION_MAPPING_ACTION_TYPE FOREIGN KEY (ACTION_ID) REFERENCES ACTION_TYPE(ACTION_ID)
);

INSERT INTO ACTION_MAPPING(MAPPING_ID, TO_DO_LIST_TYPE_ID, INITIAL_STATE_ID, ACTION_ID, REQUEST_URL, NOTIFICATION_MASSAGE_PATERN) VALUES (1, 1, 1, 1, '', 'Supplier account <ACCOUNT> is approved.');
INSERT INTO ACTION_MAPPING(MAPPING_ID, TO_DO_LIST_TYPE_ID, INITIAL_STATE_ID, ACTION_ID, REQUEST_URL, NOTIFICATION_MASSAGE_PATERN) VALUES (2, 1, 1, 2, '', 'Supplier account <ACCOUNT> is refused.');
INSERT INTO ACTION_MAPPING(MAPPING_ID, TO_DO_LIST_TYPE_ID, INITIAL_STATE_ID, ACTION_ID, REQUEST_URL, NOTIFICATION_MASSAGE_PATERN) VALUES (3, 1, 4, 5, '', 'Supplier account <ACCOUNT> is disabled.');
INSERT INTO ACTION_MAPPING(MAPPING_ID, TO_DO_LIST_TYPE_ID, INITIAL_STATE_ID, ACTION_ID, REQUEST_URL, NOTIFICATION_MASSAGE_PATERN) VALUES (4, 1, 5, 4, '', 'Supplier account <ACCOUNT> is enabled.');
INSERT INTO ACTION_MAPPING(MAPPING_ID, TO_DO_LIST_TYPE_ID, INITIAL_STATE_ID, ACTION_ID, REQUEST_URL, NOTIFICATION_MASSAGE_PATERN) VALUES (5, 2, 1, 1, '', 'Requestor account <ACCOUNT> is approved.');
INSERT INTO ACTION_MAPPING(MAPPING_ID, TO_DO_LIST_TYPE_ID, INITIAL_STATE_ID, ACTION_ID, REQUEST_URL, NOTIFICATION_MASSAGE_PATERN) VALUES (6, 2, 1, 2, '', 'Requestor account <ACCOUNT> is refused.');
INSERT INTO ACTION_MAPPING(MAPPING_ID, TO_DO_LIST_TYPE_ID, INITIAL_STATE_ID, ACTION_ID, REQUEST_URL, NOTIFICATION_MASSAGE_PATERN) VALUES (7, 2, 4, 5, '', 'Requestor account <ACCOUNT> is disabled.');
INSERT INTO ACTION_MAPPING(MAPPING_ID, TO_DO_LIST_TYPE_ID, INITIAL_STATE_ID, ACTION_ID, REQUEST_URL, NOTIFICATION_MASSAGE_PATERN) VALUES (8, 2, 5, 4, '', 'Requestor account <ACCOUNT> is enabled.');
INSERT INTO ACTION_MAPPING(MAPPING_ID, TO_DO_LIST_TYPE_ID, INITIAL_STATE_ID, ACTION_ID, REQUEST_URL, NOTIFICATION_MASSAGE_PATERN) VALUES (9, 3, 1, 1, '', 'Your order <ORDER> is approved.');
INSERT INTO ACTION_MAPPING(MAPPING_ID, TO_DO_LIST_TYPE_ID, INITIAL_STATE_ID, ACTION_ID, REQUEST_URL, NOTIFICATION_MASSAGE_PATERN) VALUES (10, 3, 1, 2, '', 'Your order <ORDER> is refused.');
INSERT INTO ACTION_MAPPING(MAPPING_ID, TO_DO_LIST_TYPE_ID, INITIAL_STATE_ID, ACTION_ID, REQUEST_URL, NOTIFICATION_MASSAGE_PATERN) VALUES (11, 4, 2, 5, '', 'Your order <ORDER> is being processed.');
INSERT INTO ACTION_MAPPING(MAPPING_ID, TO_DO_LIST_TYPE_ID, INITIAL_STATE_ID, ACTION_ID, REQUEST_URL, NOTIFICATION_MASSAGE_PATERN) VALUES (12, 4, 6, 6, '', 'Your order <ORDER> is completed.');
INSERT INTO ACTION_MAPPING(MAPPING_ID, TO_DO_LIST_TYPE_ID, INITIAL_STATE_ID, ACTION_ID, REQUEST_URL, NOTIFICATION_MASSAGE_PATERN) VALUES (13, 5, 8, 7, '', 'Your order <ORDER> is deleted.');
INSERT INTO ACTION_MAPPING(MAPPING_ID, TO_DO_LIST_TYPE_ID, INITIAL_STATE_ID, ACTION_ID, REQUEST_URL, NOTIFICATION_MASSAGE_PATERN) VALUES (14, 5, 8, 8, '', 'Your order <ORDER> is submitted.');
INSERT INTO ACTION_MAPPING(MAPPING_ID, TO_DO_LIST_TYPE_ID, INITIAL_STATE_ID, ACTION_ID, REQUEST_URL, NOTIFICATION_MASSAGE_PATERN) VALUES (15, 5, 9, 7, '', 'Your order <ORDER> is deleted.');
INSERT INTO ACTION_MAPPING(MAPPING_ID, TO_DO_LIST_TYPE_ID, INITIAL_STATE_ID, ACTION_ID, REQUEST_URL, NOTIFICATION_MASSAGE_PATERN) VALUES (16, 6, 8, 7, '', 'Your order <ORDER> is deleted.');
INSERT INTO ACTION_MAPPING(MAPPING_ID, TO_DO_LIST_TYPE_ID, INITIAL_STATE_ID, ACTION_ID, REQUEST_URL, NOTIFICATION_MASSAGE_PATERN) VALUES (17, 6, 8, 8, '', 'Your order <ORDER> is submitted.');
INSERT INTO ACTION_MAPPING(MAPPING_ID, TO_DO_LIST_TYPE_ID, INITIAL_STATE_ID, ACTION_ID, REQUEST_URL, NOTIFICATION_MASSAGE_PATERN) VALUES (18, 6, 9, 7, '', 'Your order <ORDER> is deleted.');

CREATE TABLE TO_DO_LIST_ITEM(
  ITEM_ID NUMBER,
  TYPE_ID NUMBER,
  OWNER_ID NUMBER,
  ASSIGNEE_ID NUMBER,
  ORDER_ID NUMBER,
  IS_FINISHED NUMBER(1),
  CONSTRAINT PK_TO_DO_LIST_ITEM PRIMARY KEY (ITEM_ID),
  CONSTRAINT FK_TO_DO_LIST_ITEM_TO_DO_LIST_TYPE FOREIGN KEY (TYPE_ID) REFERENCES TO_DO_LIST_TYPE(TYPE_ID),
  CONSTRAINT FK_TO_DO_LIST_ITEM_OWNER FOREIGN KEY (OWNER_ID) REFERENCES USERS(USER_ID),
  CONSTRAINT FK_TO_DO_LIST_ITEM_ASSIGNEE FOREIGN KEY (ASSIGNEE_ID) REFERENCES USERS(USER_ID),
  CONSTRAINT FK_TO_DO_LIST_ITEM_ORDER FOREIGN KEY (ORDER_ID) REFERENCES ORDERS(ORDER_ID)
);

CREATE TABLE NOTIFICATION(
  NOTIFICATION_ID NUMBER,
  ACTION_MAPPING_ID NUMBER,
  RECEIVER_ID NUMBER,
  MESSAGE VARCHAR(200),
  IS_READ NUMBER(1),
  CREATED_TIME TIMESTAMP DEFAULT systimestamp,
  CONSTRAINT PK_NOTIFICATION PRIMARY KEY (NOTIFICATION_ID),
  CONSTRAINT FK_NOTIFICATION_ACTION FOREIGN KEY (ACTION_MAPPING_ID) REFERENCES ACTION_MAPPING(MAPPING_ID),
  CONSTRAINT FK_NOTIFICATION_RECEIVER FOREIGN KEY (RECEIVER_ID) REFERENCES USERS(USER_ID)
);